0.000001,1,0,100,619753600,1
0.099793,1,1,100,619753600,1
0.199642,1,2,100,619753600,1
0.299654,1,3,100,619753600,1
0.399511,1,4,100,619753600,1
0.500021,1,5,100,619753600,1
0.599843,1,6,100,619753600,1
0.699491,1,7,100,619753600,1
0.799582,1,8,100,619753600,1
0.899618,1,9,100,619753600,1
0.999929,1,10,100,619753600,1
1.108849,1,11,100,619785600,1
1.201249,1,12,100,619839100,1
1.299566,1,13,100,619840000,1
1.399843,1,14,100,619840000,1
1.500650,1,15,100,619840000,1
1.600246,1,16,100,619840000,1
1.700569,1,17,100,619840000,1
1.800290,1,18,100,619840000,1
1.899820,1,19,100,619840000,1
1.999696,1,20,100,619840000,1
2.099734,1,21,100,619840000,1
2.200227,1,22,100,619840000,1
2.299870,1,23,100,619840000,1
2.399595,1,24,100,619840000,1
2.499833,1,25,100,619840000,1
2.600027,1,26,100,619840000,1
2.700460,1,27,100,619840000,1
2.800380,1,28,100,619840000,1
2.899589,1,29,100,619840000,1
2.999797,1,30,100,619840000,1
3.099705,1,31,100,619840000,1
3.199853,1,32,100,619840000,1
3.299808,1,33,100,619840000,1
3.399447,1,34,100,619840000,1
3.499651,1,35,100,619840000,1
3.601244,1,36,100,619840000,1
3.699547,1,37,100,619840000,1
3.799526,1,38,100,619840000,1
3.899688,1,39,100,619840000,1
3.999640,1,40,100,619840000,1
4.099785,1,41,100,619840000,1
4.199699,1,42,100,619840000,1
4.299755,1,43,100,619840000,1
4.399854,1,44,100,619840000,1
4.499842,1,45,100,619840000,1
4.599727,1,46,100,619840000,1
4.699601,1,47,100,619796000,1
4.806310,1,48,100,619753600,1
4.900070,1,49,100,619732000,1
5.002891,1,50,100,619732000,1
5.099680,1,51,100,619732000,1
5.199690,1,52,100,619732000,1
5.299462,1,53,100,619732000,1
5.399683,1,54,100,619732000,1
5.500603,1,55,100,619732000,1
5.600181,1,56,100,619732000,1
5.699579,1,57,100,619732000,1
5.799636,1,58,100,619732000,1
5.899855,1,59,100,619732000,1
5.999707,1,60,100,619732000,1
6.100225,1,61,100,619732000,1
6.199507,1,62,100,619732000,1
6.300040,1,63,100,619732000,1
6.400134,1,64,100,619732000,1
6.499639,1,65,100,619732000,1
6.604337,1,66,100,619732000,1
6.699797,1,67,100,619753600,1
6.799685,1,68,100,619753600,1
6.901727,1,69,100,619753600,1
6.999780,1,70,100,619753600,1
7.100078,1,71,100,619753600,1
7.200049,1,72,100,619753600,1
7.299770,1,73,100,619753600,1
7.399579,1,74,100,619753600,1
7.499576,1,75,100,619753600,1
7.599799,1,76,100,619753600,1
7.699456,1,77,100,619753600,1
7.799637,1,78,100,619753600,1
7.899383,1,79,100,619753600,1
8.000492,1,80,100,619753600,1
8.099835,1,81,100,619753600,1
8.199694,1,82,100,619753600,1
8.301239,1,83,100,619753600,1
8.399891,1,84,100,619753600,1
8.500431,1,85,100,619716500,1
8.600390,1,86,100,619716500,1
8.699738,1,87,100,619716500,1
8.799822,1,88,100,619685600,1
8.899731,1,89,100,619685500,1
9.000957,1,90,100,619648800,1
9.100607,1,91,100,619608100,1
9.202429,1,92,100,619608100,1
9.299596,1,93,100,619608100,1
9.399871,1,94,100,619533200,1
9.499781,1,95,100,619533200,1
9.600331,1,96,100,619533200,1
9.699893,1,97,100,619533200,1
9.799521,1,98,100,619533200,1
9.899484,1,99,100,619533100,1
10.005174,1,100,100,619520100,1
10.104869,1,101,100,619500100,1
10.206433,1,102,100,619500100,1
10.299858,1,103,100,619500100,1
10.399502,1,104,100,619500100,1
10.499764,1,105,100,619500100,1
10.599606,1,106,100,619500100,1
10.709084,1,107,100,619500100,1
10.799732,1,108,100,619500100,1
10.901622,1,109,100,619500100,1
10.999794,1,110,100,619500100,1
11.099616,1,111,100,619500100,1
11.201898,1,112,100,619500100,1
11.299610,1,113,100,619500100,1
11.399897,1,114,100,619500100,1
11.504786,1,115,100,619500100,1
11.604781,1,116,100,619459200,1
11.699919,1,117,100,619459200,1
11.799606,1,118,100,619459200,1
11.899960,1,119,100,619459200,1
12.010120,1,120,100,619440100,1
12.100056,1,121,100,619440100,1
12.199903,1,122,100,619440100,1
12.304880,1,123,100,619440100,1
12.400084,1,124,100,619440100,1
12.499678,1,125,100,619440100,1
12.601260,1,126,100,619440100,1
12.700279,1,127,100,619440100,1
12.799948,1,128,100,619440100,1
12.900823,1,129,100,619440100,1
13.001046,1,130,100,619440100,1
13.100854,1,131,100,619440100,1
13.199794,1,132,100,619440100,1
13.300224,1,133,100,619440100,1
13.401896,1,134,100,619440100,1
13.499744,1,135,100,619440100,1
13.599922,1,136,100,619440100,1
13.706308,1,137,100,619405600,1
13.802516,1,138,100,619405500,1
13.900444,1,139,100,619405500,1
14.001426,1,140,100,619405500,1
14.099496,1,141,100,619405500,1
14.199625,1,142,100,619405500,1
14.300376,1,143,100,619405500,1
14.399851,1,144,100,619405400,1
14.500668,1,145,100,619405400,1
14.600066,1,146,100,619405400,1
14.699927,1,147,100,619405300,1
14.801264,1,148,100,619405300,1
14.899711,1,149,100,619405300,1
15.000246,1,150,100,619405300,1
15.099632,1,151,100,619405200,1
15.199711,1,152,100,619405200,1
15.300307,1,153,100,619405100,1
15.399414,1,154,100,619405100,1
15.508034,1,155,100,619389200,1
15.599642,1,156,100,619389200,1
15.700467,1,157,100,619389200,1
15.800072,1,158,100,619389200,1
15.904673,1,159,100,619420100,1
16.002865,1,160,100,619475400,1
16.099657,1,161,100,619475400,1
16.200219,1,162,100,619475400,1
16.299836,1,163,100,619475400,1
16.399723,1,164,100,619475400,1
16.499785,1,165,100,619475400,1
16.599931,1,166,100,619475400,1
16.699682,1,167,100,619475400,1
16.799813,1,168,100,619475400,1
16.900082,1,169,100,619475400,1
16.999702,1,170,100,619475400,1
17.099814,1,171,100,619475400,1
17.199902,1,172,100,619475400,1
17.300213,1,173,100,619475400,1
17.399683,1,174,100,619475400,1
17.499609,1,175,100,619475400,1
17.600306,1,176,100,619475400,1
17.700233,1,177,100,619475400,1
17.800270,1,178,100,619475400,1
17.899570,1,179,100,619475400,1
18.001257,1,180,100,619475400,1
18.099906,1,181,100,619475400,1
18.199560,1,182,100,619475400,1
18.299491,1,183,100,619475400,1
18.399854,1,184,100,619475400,1
18.500068,1,185,100,619475400,1
18.599675,1,186,100,619475400,1
18.700266,1,187,100,619475400,1
18.800170,1,188,100,619475400,1
18.899538,1,189,100,619475400,1
18.999772,1,190,100,619475400,1
19.102272,1,191,100,619475400,1
19.200265,1,192,100,619475400,1
19.300078,1,193,100,619475400,1
19.399525,1,194,100,619475400,1
19.499398,1,195,100,619475400,1
19.600800,1,196,100,619475400,1
19.699653,1,197,100,619475400,1
19.799508,1,198,100,619475400,1
19.900224,1,199,100,619475400,1
19.999746,1,200,100,619475400,1
20.099787,1,201,100,619475400,1
20.200059,1,202,100,619475400,1
20.300404,1,203,100,619475400,1
20.399806,1,204,100,619475400,1
20.500154,1,205,100,619475400,1
20.599998,1,206,100,619475400,1
20.699921,1,207,100,619475400,1
20.799682,1,208,100,619475400,1
20.900435,1,209,100,619475400,1
21.000178,1,210,100,619475400,1
21.099523,1,211,100,619475400,1
21.200353,1,212,100,619475400,1
21.299482,1,213,100,619475400,1
21.400980,1,214,100,619475400,1
21.499835,1,215,100,619475400,1
21.599672,1,216,100,619475400,1
21.699983,1,217,100,619475400,1
21.799590,1,218,100,619475400,1
21.900430,1,219,100,619475400,1
21.999722,1,220,100,619475400,1
22.100387,1,221,100,619475400,1
22.201382,1,222,100,619475400,1
22.299987,1,223,100,619475400,1
22.399797,1,224,100,619475400,1
22.500204,1,225,100,619475400,1
22.599927,1,226,100,619475400,1
22.699787,1,227,100,619475400,1
22.800174,1,228,100,619475400,1
22.899657,1,229,100,619475400,1
23.001252,1,230,100,619475400,1
23.100205,1,231,100,619475400,1
23.199681,1,232,100,619475400,1
23.299622,1,233,100,619475400,1
23.399720,1,234,100,619475400,1
23.499535,1,235,100,619475400,1
23.599826,1,236,100,619475400,1
23.699940,1,237,100,619475400,1
23.799577,1,238,100,619475400,1
23.899605,1,239,100,619475400,1
24.000704,1,240,100,619475400,1
24.099647,1,241,100,619475400,1
24.199892,1,242,100,619475400,1
24.299608,1,243,100,619475400,1
24.399553,1,244,100,619475400,1
24.499692,1,245,100,619475400,1
24.600927,1,246,100,619475400,1
24.699869,1,247,100,619475400,1
24.799555,1,248,100,619475400,1
24.899840,1,249,100,619475400,1
24.999729,1,250,100,619475400,1
25.099680,1,251,100,619475400,1
25.199826,1,252,100,619475400,1
25.299493,1,253,100,619475400,1
25.401254,1,254,100,619475400,1
25.499661,1,255,100,619475400,1
25.600238,1,256,100,619475400,1
25.700196,1,257,100,619517100,1
25.802336,1,258,100,619495500,1
25.899815,1,259,100,619475400,1
25.999653,1,260,100,619421300,1
26.099540,1,261,100,619421300,1
26.199708,1,262,100,619421300,1
26.299726,1,263,100,619376000,1
26.399579,1,264,100,619376000,1
26.501278,1,265,100,619376000,1
26.600637,1,266,100,619376000,1
26.700413,1,267,100,619376000,1
26.799714,1,268,100,619376000,1
26.899567,1,269,100,619376000,1
26.999576,1,270,100,619376000,1
27.099750,1,271,100,619376000,1
27.199766,1,272,100,619376000,1
27.299848,1,273,100,619376000,1
27.400330,1,274,100,619376000,1
27.500423,1,275,100,619376000,1
27.599779,1,276,100,619376000,1
27.699559,1,277,100,619376000,1
27.799841,1,278,100,619376000,1
27.900188,1,279,100,619376000,1
28.000206,1,280,100,619370100,1
28.100205,1,281,100,619370100,1
28.199803,1,282,100,619370100,1
28.300315,1,283,100,619370100,1
28.401277,1,284,100,619370100,1
28.499860,1,285,100,619370000,1
28.599810,1,286,100,619360100,1
28.699693,1,287,100,619360100,1
28.799612,1,288,100,619360100,1
28.900043,1,289,100,619360100,1
29.000324,1,290,100,619360100,1
29.099502,1,291,100,619360100,1
29.200235,1,292,100,619360100,1
29.309855,1,293,100,619360100,1
29.399735,1,294,100,619360100,1
29.499680,1,295,100,619360100,1
29.600268,1,296,100,619360100,1
29.699430,1,297,100,619360100,1
29.799513,1,298,100,619360100,1
29.899548,1,299,100,619370100,1
30.000213,1,300,100,619370100,1
30.099451,1,301,100,619370100,1
30.199325,1,302,100,619370100,1
30.299613,1,303,100,619370100,1
30.400135,1,304,100,619370100,1
30.499411,1,305,100,619370100,1
30.600005,1,306,100,619370100,1
30.699813,1,307,100,619370100,1
30.804290,1,308,100,619370100,1
30.899719,1,309,100,619395700,1
30.999747,1,310,100,619395700,1
31.099698,1,311,100,619395700,1
31.200003,1,312,100,619395700,1
31.301292,1,313,100,619416000,1
31.400957,1,314,100,619466400,1
31.499669,1,315,100,619466400,1
31.600169,1,316,100,619466400,1
31.699608,1,317,100,619466400,1
31.799726,1,318,100,619466400,1
31.899656,1,319,100,619466400,1
32.000262,1,320,100,619466400,1
32.099612,1,321,100,619466400,1
32.199657,1,322,100,619466400,1
32.299556,1,323,100,619466400,1
32.399944,1,324,100,619466400,1
32.499588,1,325,100,619466400,1
32.599622,1,326,100,619466400,1
32.700170,1,327,100,619504800,1
32.799576,1,328,100,619504800,1
32.899564,1,329,100,619504800,1
32.999699,1,330,100,619504800,1
33.100114,1,331,100,619504800,1
33.199637,1,332,100,619504800,1
33.299431,1,333,100,619504800,1
33.402373,1,334,100,619504800,1
33.499560,1,335,100,619504800,1
33.600116,1,336,100,619504800,1
33.700160,1,337,100,619504800,1
33.799731,1,338,100,619504800,1
33.902121,1,339,100,619504800,1
33.999596,1,340,100,619504800,1
34.099536,1,341,100,619504800,1
34.199809,1,342,100,619457700,1
34.301293,1,343,100,619395700,1
34.399734,1,344,100,619383800,1
34.499660,1,345,100,619383800,1
34.600117,1,346,100,619383700,1
34.699883,1,347,100,619383700,1
34.799854,1,348,100,619383600,1
34.900234,1,349,100,619383600,1
35.000204,1,350,100,619383600,1
35.099906,1,351,100,619383600,1
35.199765,1,352,100,619383600,1
35.300523,1,353,100,619383600,1
35.399642,1,354,100,619383600,1
35.500230,1,355,100,619383600,1
35.599702,1,356,100,619383600,1
35.700493,1,357,100,619480400,1
35.799902,1,358,100,619480400,1
35.899617,1,359,100,619480400,1
36.000015,1,360,100,619480400,1
36.099462,1,361,100,619480400,1
36.199890,1,362,100,619480400,1
36.301160,1,363,100,619480400,1
36.400258,1,364,100,619480400,1
36.499847,1,365,100,619517100,1
36.600044,1,366,100,619577500,1
36.706262,1,367,100,619577500,1
36.799644,1,368,100,619577500,1
36.899576,1,369,100,619577500,1
36.999919,1,370,100,619577500,1
37.100080,1,371,100,619577500,1
37.200293,1,372,100,619577500,1
37.300227,1,373,100,619577500,1
37.399493,1,374,100,619577500,1
37.499525,1,375,100,619577500,1
37.600114,1,376,100,619577500,1
37.699851,1,377,100,619577500,1
37.799511,1,378,100,619577500,1
37.899510,1,379,100,619577500,1
37.999453,1,380,100,619577500,1
38.101249,1,381,100,619577500,1
38.200094,1,382,100,619577500,1
38.300034,1,383,100,619577500,1
38.410836,1,384,100,619623100,1
38.501350,1,385,100,619674500,1
38.599885,1,386,100,619674500,1
38.700289,1,387,100,619674500,1
38.799643,1,388,100,619674500,1
38.899699,1,389,100,619674500,1
38.999717,1,390,100,619753500,1
39.099685,1,391,100,619753500,1
39.200238,1,392,100,619753500,1
39.299605,1,393,100,619753500,1
39.401193,1,394,100,619753500,1
39.499636,1,395,100,619753500,1
39.600475,1,396,100,619753500,1
39.699863,1,397,100,619753500,1
39.799684,1,398,100,619753500,1
39.900233,1,399,100,619753500,1
40.000031,1,400,100,619753500,1
40.099901,1,401,100,619753500,1
40.199793,1,402,100,619753500,1
40.300290,1,403,100,619753500,1
40.399609,1,404,100,619753500,1
40.499424,1,405,100,619753500,1
40.599813,1,406,100,619753500,1
40.700295,1,407,100,619753500,1
40.799709,1,408,100,619753500,1
40.900019,1,409,100,619753500,1
40.999659,1,410,100,619706900,1
41.099661,1,411,100,619696100,1
41.201236,1,412,100,619696100,1
41.299747,1,413,100,619696100,1
41.400623,1,414,100,619696100,1
41.500541,1,415,100,619696100,1
41.600085,1,416,100,619696100,1
41.699555,1,417,100,619696100,1
41.799682,1,418,100,619696100,1
41.899864,1,419,100,619696100,1
41.999689,1,420,100,619696100,1
42.099742,1,421,100,619696100,1
42.200148,1,422,100,619696100,1
42.299954,1,423,100,619696100,1
42.400393,1,424,100,619696100,1
42.499919,1,425,100,619696100,1
42.599575,1,426,100,619696100,1
42.701288,1,427,100,619696100,1
42.801230,1,428,100,619696100,1
42.899556,1,429,100,619696100,1
42.999612,1,430,100,619696100,1
43.099458,1,431,100,619696100,1
43.199901,1,432,100,619696100,1
43.299608,1,433,100,619696100,1
43.399500,1,434,100,619696100,1
43.499705,1,435,100,619696100,1
43.600905,1,436,100,619722700,1
43.700087,1,437,100,619760000,1
43.799762,1,438,100,619760000,1
43.899993,1,439,100,619760000,1
43.999842,1,440,100,619760000,1
44.099741,1,441,100,619760000,1
44.200118,1,442,100,619780000,1
44.300254,1,443,100,619780000,1
44.400117,1,444,100,619780000,1
44.499737,1,445,100,619768500,1
44.602200,1,446,100,619768500,1
44.701584,1,447,100,619780000,1
44.799743,1,448,100,619780000,1
44.899782,1,449,100,619780000,1
45.001265,1,450,100,619780000,1
45.099641,1,451,100,619780000,1
45.199611,1,452,100,619780000,1
45.299609,1,453,100,619780000,1
45.399611,1,454,100,619780000,1
45.500022,1,455,100,619780000,1
45.599560,1,456,100,619780000,1
45.699770,1,457,100,619780000,1
45.801231,1,458,100,619780000,1
45.899598,1,459,100,619780000,1
45.999647,1,460,100,619780000,1
46.099944,1,461,100,619780000,1
46.200750,1,462,100,619780000,1
46.299667,1,463,100,619780000,1
46.401447,1,464,100,619780000,1
46.500290,1,465,100,619780000,1
46.599599,1,466,100,619780000,1
46.700092,1,467,100,619780000,1
46.799591,1,468,100,619780000,1
46.899614,1,469,100,619780000,1
46.999787,1,470,100,619780000,1
47.100215,1,471,100,619780000,1
47.200062,1,472,100,619780000,1
47.301118,1,473,100,619785600,1
47.399669,1,474,100,619800000,1
47.500206,1,475,100,619800000,1
47.599575,1,476,100,619800000,1
47.699990,1,477,100,619800000,1
47.799982,1,478,100,619800000,1
47.899649,1,479,100,619800000,1
48.003936,1,480,100,619800000,1
48.105921,1,481,100,619800000,1
48.199770,1,482,100,619800000,1
48.299656,1,483,100,619800000,1
48.405063,1,484,100,619800000,1
48.499775,1,485,100,619800000,1
48.600572,1,486,100,619800000,1
48.699419,1,487,100,619800000,1
48.799442,1,488,100,619800000,1
48.900212,1,489,100,619800000,1
49.000582,1,490,100,619800000,1
49.099847,1,491,100,619800000,1
49.200290,1,492,100,619800000,1
49.299773,1,493,100,619800000,1
49.399980,1,494,100,619800000,1
49.501909,1,495,100,619800000,1
49.599939,1,496,100,619800000,1
49.699515,1,497,100,619800000,1
49.799901,1,498,100,619800000,1
49.899772,1,499,100,619800000,1
49.999839,1,500,100,619800000,1
50.099717,1,501,100,619800000,1
50.208227,1,502,100,619800000,1
50.300226,1,503,100,619800000,1
50.399853,1,504,100,619840000,1
50.499826,1,505,100,619840000,1
50.600343,1,506,100,619840000,1
50.707636,1,507,100,619876900,1
50.800139,1,508,100,619923000,1
50.900199,1,509,100,619923000,1
51.001204,1,510,100,619940000,1
51.099642,1,511,100,619940000,1
51.200228,1,512,100,619940000,1
51.300228,1,513,100,619940000,1
51.399742,1,514,100,619940000,1
51.499779,1,515,100,619940000,1
51.600829,1,516,100,619940000,1
51.699811,1,517,100,619940000,1
51.799782,1,518,100,619940000,1
51.899681,1,519,100,619940000,1
51.999498,1,520,100,619940000,1
52.100199,1,521,100,619940000,1
52.199775,1,522,100,619940000,1
52.299943,1,523,100,619940000,1
52.399624,1,524,100,619940000,1
52.499588,1,525,100,619940000,1
52.599680,1,526,100,619940000,1
52.700488,1,527,100,619940000,1
52.807503,1,528,100,620000000,1
52.900022,1,529,100,620000000,1
53.003432,1,530,100,620000000,1
53.100795,1,531,100,620000000,1
53.200609,1,532,100,620000000,1
53.299719,1,533,100,620000000,1
53.399777,1,534,100,620000000,1
53.500026,1,535,100,620000000,1
53.601937,1,536,100,620020000,1
53.699953,1,537,100,620050300,1
53.799901,1,538,100,620050300,1
53.899944,1,539,100,620050300,1
53.999938,1,540,100,620050300,1
54.100210,1,541,100,620050300,1
54.200069,1,542,100,620009300,1
54.300205,1,543,100,620009300,1
54.400222,1,544,100,620009300,1
54.499595,1,545,100,620009300,1
54.601373,1,546,100,620009300,1
54.699887,1,547,100,619980100,1
54.799813,1,548,100,619980000,1
54.899606,1,549,100,619980000,1
55.000208,1,550,100,619980000,1
55.099602,1,551,100,619980000,1
55.199561,1,552,100,619980000,1
55.300220,1,553,100,619980000,1
55.399767,1,554,100,619980000,1
55.500182,1,555,100,619980000,1
55.601246,1,556,100,619980000,1
55.699406,1,557,100,619980000,1
55.811100,1,558,100,619980000,1
55.900105,1,559,100,619980000,1
55.999556,1,560,100,619980000,1
56.099822,1,561,100,619980000,1
56.200229,1,562,100,619980000,1
56.301691,1,563,100,619980000,1
56.399732,1,564,100,619980000,1
56.500458,1,565,100,619980000,1
56.599938,1,566,100,619980000,1
56.699563,1,567,100,619980000,1
56.800206,1,568,100,619980000,1
56.899543,1,569,100,619980000,1
56.999661,1,570,100,619980000,1
57.099919,1,571,100,619980000,1
57.202276,1,572,100,619980000,1
57.299742,1,573,100,619980000,1
57.402310,1,574,100,619980000,1
57.499666,1,575,100,619969200,1
57.600409,1,576,100,619878000,1
57.699635,1,577,100,619860100,1
57.799708,1,578,100,619860100,1
57.900021,1,579,100,619840100,1
57.999664,1,580,100,619820100,1
58.100329,1,581,100,619820100,1
58.200169,1,582,100,619820100,1
58.299922,1,583,100,619820100,1
58.401263,1,584,100,619820100,1
58.500277,1,585,100,619820100,1
58.600571,1,586,100,619820100,1
58.699898,1,587,100,619840100,1
58.799752,1,588,100,619899700,1
58.899721,1,589,100,619899700,1
59.000507,1,590,100,619899700,1
59.099703,1,591,100,619934200,1
59.199610,1,592,100,619934200,1
59.299689,1,593,100,619934200,1
59.400088,1,594,100,619934200,1
59.499651,1,595,100,619949800,1
59.600104,1,596,100,619969200,1
59.699844,1,597,100,619969200,1
59.801493,1,598,100,619969200,1
59.899573,1,599,100,619969200,1
59.999774,1,600,100,619969200,1
60.099976,1,601,100,619969200,1
60.199773,1,602,100,619969200,1
60.306424,1,603,100,619969200,1
60.400214,1,604,100,619969200,1
60.502169,1,605,100,620009300,1
60.599768,1,606,100,620009300,1
60.699641,1,607,100,620009300,1
60.805669,1,608,100,620009300,1
60.899574,1,609,100,620009300,1
60.999633,1,610,100,620009300,1
61.099788,1,611,100,620009300,1
61.200219,1,612,100,620009300,1
61.300264,1,613,100,620009300,1
61.400220,1,614,100,620009300,1
61.499634,1,615,100,620009300,1
61.600032,1,616,100,620009300,1
61.699750,1,617,100,620009300,1
61.800532,1,618,100,620009300,1
61.899751,1,619,100,620009300,1
61.999773,1,620,100,620009300,1
62.099599,1,621,100,620009300,1
62.200106,1,622,100,620009300,1
62.299706,1,623,100,620009300,1
62.399468,1,624,100,620009300,1
62.499841,1,625,100,620009300,1
62.605518,1,626,100,620020900,1
62.700189,1,627,100,620040000,1
62.799987,1,628,100,620120000,1
62.899798,1,629,100,620120000,1
62.999835,1,630,100,620120000,1
63.100097,1,631,100,620120000,1
63.199523,1,632,100,620120000,1
63.299778,1,633,100,620120000,1
63.399796,1,634,100,620120000,1
63.499601,1,635,100,620120000,1
63.600237,1,636,100,620120000,1
63.699617,1,637,100,620120000,1
63.800296,1,638,100,620120000,1
63.899555,1,639,100,620120000,1
63.999649,1,640,100,620120000,1
64.099619,1,641,100,620120000,1
64.199603,1,642,100,620120000,1
64.303751,1,643,100,620120000,1
64.399839,1,644,100,620120000,1
64.501218,1,645,100,620120000,1
64.599886,1,646,100,620120000,1
64.700037,1,647,100,620120000,1
64.799866,1,648,100,620120000,1
64.899568,1,649,100,620120000,1
65.000860,1,650,100,620120000,1
65.100543,1,651,100,620120000,1
65.201274,1,652,100,620120000,1
65.299634,1,653,100,620120000,1
65.399428,1,654,100,620120000,1
65.500429,1,655,100,620120000,1
65.600229,1,656,100,620120000,1
65.700246,1,657,100,620120000,1
65.799781,1,658,100,620120000,1
65.899421,1,659,100,620120000,1
65.999737,1,660,100,620120000,1
66.100574,1,661,100,620120000,1
66.201210,1,662,100,620120000,1
66.301367,1,663,100,620120000,1
66.399695,1,664,100,620120000,1
66.499595,1,665,100,620120000,1
66.600454,1,666,100,620120000,1
66.700464,1,667,100,620120000,1
66.799820,1,668,100,620120000,1
66.899504,1,669,100,620120000,1
66.999905,1,670,100,620120000,1
67.100152,1,671,100,620120000,1
67.199957,1,672,100,620120000,1
67.299804,1,673,100,620120000,1
67.400096,1,674,100,620120000,1
67.499954,1,675,100,620120000,1
67.599535,1,676,100,620120000,1
67.699529,1,677,100,620120000,1
67.799635,1,678,100,620120000,1
67.899765,1,679,100,620120000,1
67.999807,1,680,100,620120000,1
68.099505,1,681,100,620120000,1
68.199543,1,682,100,620120000,1
68.299598,1,683,100,620120000,1
68.399661,1,684,100,620120000,1
68.500220,1,685,100,620120000,1
68.599557,1,686,100,620120000,1
68.700485,1,687,100,620120000,1
68.799740,1,688,100,620093200,1
68.899921,1,689,100,620093200,1
69.000426,1,690,100,620093200,1
69.099756,1,691,100,620120000,1
69.199890,1,692,100,620120000,1
69.300314,1,693,100,620120000,1
69.400095,1,694,100,620120000,1
69.500771,1,695,100,620120000,1
69.599951,1,696,100,620120000,1
69.700946,1,697,100,620120000,1
69.800004,1,698,100,620120000,1
69.900229,1,699,100,620120000,1
70.000329,1,700,100,620120000,1
70.101303,1,701,100,620120000,1
70.200495,1,702,100,620120000,1
70.303999,1,703,100,620120000,1
70.399629,1,704,100,620120000,1
70.501179,1,705,100,620120000,1
70.599918,1,706,100,620120000,1
70.700389,1,707,100,620120000,1
70.799456,1,708,100,620120000,1
70.899715,1,709,100,620140000,1
70.999687,1,710,100,620160000,1
71.099743,1,711,100,620160000,1
71.199488,1,712,100,620160000,1
71.299568,1,713,100,620160000,1
71.400257,1,714,100,620160000,1
71.499701,1,715,100,620160000,1
71.599674,1,716,100,620160000,1
71.699762,1,717,100,620130300,1
71.800262,1,718,100,620130300,1
71.899949,1,719,100,620130300,1
71.999533,1,720,100,620130300,1
72.104274,1,721,100,620130300,1
72.199933,1,722,100,620099800,1
72.300170,1,723,100,620057900,1
72.399588,1,724,100,620057900,1
72.499818,1,725,100,620025600,1
72.600225,1,726,100,620025600,1
72.699700,1,727,100,620025600,1
72.799437,1,728,100,620025600,1
72.899853,1,729,100,620025600,1
72.999733,1,730,100,620025600,1
73.104869,1,731,100,620025600,1
73.199851,1,732,100,620025600,1
73.300656,1,733,100,620025600,1
73.399777,1,734,100,620025600,1
73.499468,1,735,100,620025600,1
73.600059,1,736,100,620025600,1
73.699821,1,737,100,620025600,1
73.799484,1,738,100,620025600,1
73.899504,1,739,100,620025600,1
74.000009,1,740,100,620025600,1
74.099634,1,741,100,620025600,1
74.199557,1,742,100,620025600,1
74.299917,1,743,100,620025600,1
74.399534,1,744,100,620025600,1
74.500335,1,745,100,620025600,1
74.600209,1,746,100,620025600,1
74.699947,1,747,100,620025600,1
74.799814,1,748,100,620025600,1
74.899577,1,749,100,619971300,1
75.000198,1,750,100,619971300,1
75.099799,1,751,100,619971300,1
75.199646,1,752,100,619971300,1
75.299683,1,753,100,619971300,1
75.399495,1,754,100,619971300,1
75.499717,1,755,100,619971300,1
75.600201,1,756,100,619971300,1
75.699582,1,757,100,619971300,1
75.811722,1,758,100,619800100,1
75.899723,1,759,100,619800100,1
76.000187,1,760,100,619800100,1
76.102254,1,761,100,619775600,1
76.200148,1,762,100,619676200,1
76.299891,1,763,100,619676200,1
76.400217,1,764,100,619676200,1
76.499883,1,765,100,619597000,1
76.600452,1,766,100,619597000,1
76.699718,1,767,100,619597000,1
76.799888,1,768,100,619597000,1
76.899531,1,769,100,619617500,1
76.999706,1,770,100,619665700,1
77.100238,1,771,100,619665700,1
77.199503,1,772,100,619665700,1
77.299949,1,773,100,619665700,1
77.400200,1,774,100,619665700,1
77.500221,1,775,100,619665700,1
77.601246,1,776,100,619665700,1
77.700750,1,777,100,619665700,1
77.799638,1,778,100,619665700,1
77.899569,1,779,100,619665700,1
77.999656,1,780,100,619665700,1
78.099477,1,781,100,619665700,1
78.199757,1,782,100,619665700,1
78.303096,1,783,100,619665700,1
78.399878,1,784,100,619665700,1
78.499557,1,785,100,619665700,1
78.599849,1,786,100,619624000,1
78.699900,1,787,100,619624000,1
78.800003,1,788,100,619624000,1
78.899539,1,789,100,619624000,1
79.000062,1,790,100,619624000,1
79.100049,1,791,100,619624000,1
79.200694,1,792,100,619624000,1
79.299722,1,793,100,619624000,1
79.400071,1,794,100,619624000,1
79.499522,1,795,100,619624000,1
79.599818,1,796,100,619624000,1
79.699680,1,797,100,619624000,1
79.799377,1,798,100,619624000,1
79.899834,1,799,100,619624000,1
80.000026,1,800,100,619624000,1
80.099872,1,801,100,619624000,1
80.200208,1,802,100,619624000,1
80.299497,1,803,100,619624000,1
80.400361,1,804,100,619624000,1
80.499492,1,805,100,619624000,1
80.599712,1,806,100,619624000,1
80.701248,1,807,100,619624000,1
80.799498,1,808,100,619624000,1
80.899483,1,809,100,619624000,1
80.999922,1,810,100,619624000,1
81.099393,1,811,100,619624000,1
81.199620,1,812,100,619624000,1
81.299550,1,813,100,619624000,1
81.399633,1,814,100,619624000,1
81.499660,1,815,100,619624000,1
81.599998,1,816,100,619624000,1
81.699590,1,817,100,619623900,1
81.800005,1,818,100,619623900,1
81.899773,1,819,100,619623800,1
81.999713,1,820,100,619623800,1
82.099647,1,821,100,619623800,1
82.199767,1,822,100,619623800,1
82.300011,1,823,100,619623800,1
82.399635,1,824,100,619623800,1
82.499383,1,825,100,619623800,1
82.602853,1,826,100,619582200,1
82.699966,1,827,100,619520000,1
82.799872,1,828,100,619516900,1
82.900194,1,829,100,619516800,1
82.999981,1,830,100,619480100,1
83.099690,1,831,100,619480100,1
83.199660,1,832,100,619465900,1
83.299817,1,833,100,619460100,1
83.399566,1,834,100,619460000,1
83.499836,1,835,100,619460000,1
83.600309,1,836,100,619459900,1
83.700218,1,837,100,619459900,1
83.800936,1,838,100,619459800,1
83.899858,1,839,100,619422700,1
84.001324,1,840,100,619422600,1
84.100645,1,841,100,619405500,1
84.199533,1,842,100,619405400,1
84.299682,1,843,100,619405400,1
84.400145,1,844,100,619405300,1
84.499415,1,845,100,619382500,1
84.600994,1,846,100,619382500,1
84.700045,1,847,100,619382500,1
84.799994,1,848,100,619382500,1
84.899679,1,849,100,619382400,1
84.999499,1,850,100,619382300,1
85.100269,1,851,100,619382300,1
85.200001,1,852,100,619360100,1
85.299623,1,853,100,619360100,1
85.400679,1,854,100,619360100,1
85.499626,1,855,100,619360000,1
85.599875,1,856,100,619360000,1
85.699601,1,857,100,619360000,1
85.799694,1,858,100,619360000,1
85.899466,1,859,100,619359900,1
85.999710,1,860,100,619359900,1
86.099509,1,861,100,619359900,1
86.199921,1,862,100,619359900,1
86.299656,1,863,100,619359800,1
86.403705,1,864,100,619359800,1
86.500238,1,865,100,619359800,1
86.599678,1,866,100,619359800,1
86.701220,1,867,100,619359800,1
86.801469,1,868,100,619359800,1
86.899651,1,869,100,619359800,1
87.099795,1,870,100,619359800,1
87.175210,1,871,100,619359800,1
87.216942,1,872,100,619359800,1
87.299383,1,873,100,619359700,1
87.399791,1,874,100,619358200,1
87.499621,1,875,100,619320100,1
87.600269,1,876,100,619280100,1
87.700218,1,877,100,619280000,1
87.799535,1,878,100,619280000,1
87.900820,1,879,100,619260100,1
87.999505,1,880,100,619260000,1
88.101157,1,881,100,619260000,1
88.199692,1,882,100,619259900,1
88.299731,1,883,100,619259900,1
88.401408,1,884,100,619259900,1
88.500423,1,885,100,619240100,1
88.602215,1,886,100,619240100,1
88.699611,1,887,100,619240000,1
88.799863,1,888,100,619220200,1
88.899835,1,889,100,619220100,1
89.001167,1,890,100,619220100,1
89.099594,1,891,100,619220100,1
89.205133,1,892,100,619220100,1
89.299675,1,893,100,619220000,1
89.400642,1,894,100,619220000,1
89.500237,1,895,100,619200100,1
89.608471,1,896,100,619200100,1
89.699526,1,897,100,619200100,1
89.799685,1,898,100,619200100,1
89.900000,1,899,100,619200100,1
90.000305,1,900,100,619200100,1
90.100244,1,901,100,619200100,1
90.199754,1,902,100,619200100,1
90.299413,1,903,100,619200100,1
90.399635,1,904,100,619231100,1
90.499626,1,905,100,619231100,1
90.600272,1,906,100,619231100,1
90.699617,1,907,100,619231100,1
90.799622,1,908,100,619231100,1
90.899596,1,909,100,619265500,1
90.999600,1,910,100,619265500,1
91.099640,1,911,100,619265500,1
91.199861,1,912,100,619265500,1
91.301020,1,913,100,619237800,1
91.399835,1,914,100,619237800,1
91.500220,1,915,100,619237800,1
91.599894,1,916,100,619237800,1
91.699588,1,917,100,619237800,1
91.799741,1,918,100,619237800,1
91.900105,1,919,100,619237800,1
91.999826,1,920,100,619237800,1
92.101265,1,921,100,619237800,1
92.201136,1,922,100,619237800,1
92.299646,1,923,100,619237800,1
92.399734,1,924,100,619237800,1
92.499724,1,925,100,619237800,1
92.599844,1,926,100,619237800,1
92.699729,1,927,100,619237800,1
92.799760,1,928,100,619237800,1
92.899606,1,929,100,619237800,1
93.000468,1,930,100,619237800,1
93.101264,1,931,100,619237800,1
93.204229,1,932,100,619237800,1
93.299803,1,933,100,619237800,1
93.399365,1,934,100,619237800,1
93.499594,1,935,100,619237800,1
93.600077,1,936,100,619237800,1
93.699617,1,937,100,619226400,1
93.799884,1,938,100,619226400,1
93.899386,1,939,100,619226400,1
93.999805,1,940,100,619226400,1
94.099709,1,941,100,619183900,1
94.200030,1,942,100,619120100,1
94.299683,1,943,100,619120100,1
94.399481,1,944,100,619120100,1
94.499867,1,945,100,619120100,1
94.599767,1,946,100,619120100,1
94.699603,1,947,100,619120100,1
94.799465,1,948,100,619120100,1
94.899746,1,949,100,619120000,1
94.999537,1,950,100,619120000,1
95.099557,1,951,100,619120000,1
95.200169,1,952,100,619102600,1
95.299691,1,953,100,619102600,1
95.399503,1,954,100,619102600,1
95.499416,1,955,100,619102600,1
95.600085,1,956,100,619102600,1
95.699567,1,957,100,619100100,1
95.801357,1,958,100,619049300,1
95.899687,1,959,100,619049300,1
95.999914,1,960,100,619049200,1
96.099452,1,961,100,619049200,1
96.200042,1,962,100,619049100,1
96.301569,1,963,100,619025800,1
96.399611,1,964,100,619020200,1
96.499659,1,965,100,619000100,1
96.600649,1,966,100,618967800,1
96.699516,1,967,100,618967700,1
96.799497,1,968,100,618967700,1
96.899495,1,969,100,618967600,1
96.999579,1,970,100,618967600,1
97.099515,1,971,100,618967600,1
97.199714,1,972,100,618967600,1
97.299734,1,973,100,618967600,1
97.399413,1,974,100,618967600,1
97.499446,1,975,100,618967600,1
97.599676,1,976,100,618967600,1
97.700099,1,977,100,618967600,1
97.799761,1,978,100,618967600,1
97.904096,1,979,100,618945700,1
97.999633,1,980,100,618930100,1
98.099564,1,981,100,618930100,1
98.199605,1,982,100,618930000,1
98.300413,1,983,100,618930000,1
98.399670,1,984,100,618929900,1
98.499655,1,985,100,618860100,1
98.600201,1,986,100,618860000,1
98.699821,1,987,100,618860000,1
98.800217,1,988,100,618859700,1
98.900006,1,989,100,618840100,1
99.001256,1,990,100,618838000,1
99.099723,1,991,100,618833700,1
99.199666,1,992,100,618833600,1
99.299913,1,993,100,618833600,1
99.399736,1,994,100,618833600,1
99.499634,1,995,100,618833600,1
99.599908,1,996,100,618833600,1
99.700257,1,997,100,618833600,1
99.799581,1,998,100,618833600,1
99.899715,1,999,100,618833600,1
99.999731,1,1000,100,618833600,1
100.099904,1,1001,100,618833600,1
100.199721,1,1002,100,618833600,1
100.300246,1,1003,100,618833600,1
100.399398,1,1004,100,618833600,1
100.499739,1,1005,100,618833600,1
100.609298,1,1006,100,618904000,1
100.735502,1,1007,100,618915200,1
100.805682,1,1008,100,618915200,1
100.900266,1,1009,100,618929900,1
100.999656,1,1010,100,618929900,1
101.108999,1,1011,100,618929900,1
101.200452,1,1012,100,618929900,1
101.299888,1,1013,100,618980100,1
101.400233,1,1014,100,618980100,1
101.524030,1,1015,100,618980100,1
101.601542,1,1016,100,618980100,1
101.699755,1,1017,100,618980100,1
101.799800,1,1018,100,618980100,1
101.899413,1,1019,100,618980100,1
101.999828,1,1020,100,618980100,1
102.100108,1,1021,100,618980100,1
102.199672,1,1022,100,618980100,1
102.299557,1,1023,100,618980100,1
102.399843,1,1024,100,618980100,1
102.499798,1,1025,100,618980100,1
102.600248,1,1026,100,618980100,1
102.715855,1,1027,100,618980100,1
102.825445,1,1028,100,618980100,1
102.932330,1,1029,100,618980100,1
103.008958,1,1030,100,618980100,1
103.100050,1,1031,100,618980100,1
103.205905,1,1032,100,618980100,1
103.314955,1,1033,100,618972600,1
103.399814,1,1034,100,618972400,1
103.499540,1,1035,100,618972400,1
103.599944,1,1036,100,618972400,1
103.699590,1,1037,100,618972700,1
103.799682,1,1038,100,619020000,1
103.907523,1,1039,100,619020000,1
103.999705,1,1040,100,619040000,1
104.099512,1,1041,100,619040000,1
104.200232,1,1042,100,619040000,1
104.299747,1,1043,100,619040000,1
104.399718,1,1044,100,619040100,1
104.499662,1,1045,100,619040100,1
104.599643,1,1046,100,619040100,1
104.699496,1,1047,100,619040100,1
104.801302,1,1048,100,619040100,1
104.899768,1,1049,100,619040100,1
104.999835,1,1050,100,619040100,1
105.099746,1,1051,100,619040100,1
105.199798,1,1052,100,619040100,1
105.299546,1,1053,100,619040100,1
105.399711,1,1054,100,619072200,1
105.499609,1,1055,100,619128300,1
105.600300,1,1056,100,619143500,1
105.699598,1,1057,100,619143500,1
105.801475,1,1058,100,619183900,1
105.899710,1,1059,100,619183900,1
105.999758,1,1060,100,619183900,1
106.101211,1,1061,100,619183900,1
106.199554,1,1062,100,619183900,1
106.300257,1,1063,100,619183900,1
106.401228,1,1064,100,619183900,1
106.499642,1,1065,100,619183900,1
106.599833,1,1066,100,619183900,1
106.699695,1,1067,100,619183900,1
106.799943,1,1068,100,619183900,1
106.899729,1,1069,100,619183900,1
107.000225,1,1070,100,619183900,1
107.099803,1,1071,100,619183900,1
107.199853,1,1072,100,619183900,1
107.301195,1,1073,100,619183900,1
107.399797,1,1074,100,619183900,1
107.499541,1,1075,100,619183900,1
107.599859,1,1076,100,619183900,1
107.699698,1,1077,100,619183900,1
107.799569,1,1078,100,619183900,1
107.905151,1,1079,100,619183900,1
107.999823,1,1080,100,619197500,1
108.099598,1,1081,100,619197500,1
108.199838,1,1082,100,619197500,1
108.299435,1,1083,100,619200000,1
108.399604,1,1084,100,619203200,1
108.499556,1,1085,100,619209100,1
108.603508,1,1086,100,619214400,1
108.699530,1,1087,100,619222500,1
108.806496,1,1088,100,619226400,1
108.903525,1,1089,100,619226400,1
109.025813,1,1090,100,619226400,1
109.109749,1,1091,100,619226400,1
109.199525,1,1092,100,619226400,1
109.299573,1,1093,100,619226400,1
109.400219,1,1094,100,619226400,1
109.499731,1,1095,100,619226400,1
109.600313,1,1096,100,619234000,1
109.701270,1,1097,100,619234000,1
109.799894,1,1098,100,619250100,1
109.899589,1,1099,100,619281600,1
110.000372,1,1100,100,619320000,1
110.099769,1,1101,100,619320000,1
110.199639,1,1102,100,619320000,1
110.299989,1,1103,100,619320000,1
110.411815,1,1104,100,619320000,1
110.499936,1,1105,100,619320000,1
110.600221,1,1106,100,619320000,1
110.700355,1,1107,100,619320000,1
110.799704,1,1108,100,619320000,1
110.899754,1,1109,100,619340000,1
111.002170,1,1110,100,619356000,1
111.099866,1,1111,100,619399900,1
111.199626,1,1112,100,619399900,1
111.299784,1,1113,100,619365000,1
111.423352,1,1114,100,619320000,1
111.500775,1,1115,100,619320000,1
111.607728,1,1116,100,619320000,1
111.700219,1,1117,100,619320000,1
111.799529,1,1118,100,619320000,1
111.899992,1,1119,100,619234100,1
111.999664,1,1120,100,619214400,1
112.099687,1,1121,100,619214400,1
112.199728,1,1122,100,619214400,1
112.302277,1,1123,100,619214400,1
112.399617,1,1124,100,619214400,1
112.499545,1,1125,100,619214400,1
112.605352,1,1126,100,619214400,1
112.699492,1,1127,100,619214400,1
112.799561,1,1128,100,619214400,1
112.899416,1,1129,100,619214400,1
113.001235,1,1130,100,619214400,1
113.099655,1,1131,100,619214400,1
113.200243,1,1132,100,619190000,1
113.299704,1,1133,100,619176800,1
113.399611,1,1134,100,619176800,1
113.499534,1,1135,100,619176800,1
113.601715,1,1136,100,619176800,1
113.699538,1,1137,100,619176800,1
113.799582,1,1138,100,619129300,1
113.899685,1,1139,100,619129300,1
113.999965,1,1140,100,619129300,1
114.100110,1,1141,100,619129300,1
114.200240,1,1142,100,619129300,1
114.299490,1,1143,100,619129300,1
114.399652,1,1144,100,619129300,1
114.499495,1,1145,100,619129300,1
114.600859,1,1146,100,619129300,1
114.699665,1,1147,100,619129300,1
114.799414,1,1148,100,619129300,1
114.899501,1,1149,100,619129300,1
114.999980,1,1150,100,619129300,1
115.105120,1,1151,100,619095100,1
115.199780,1,1152,100,619067400,1
115.299518,1,1153,100,619067400,1
115.399656,1,1154,100,619067400,1
115.499786,1,1155,100,619067400,1
115.600273,1,1156,100,619067400,1
115.699364,1,1157,100,619067400,1
115.799765,1,1158,100,619067400,1
115.899809,1,1159,100,619095100,1
115.999433,1,1160,100,619095100,1
116.099587,1,1161,100,619095100,1
116.199544,1,1162,100,619095100,1
116.299691,1,1163,100,619060100,1
116.399841,1,1164,100,619040100,1
116.500142,1,1165,100,619040100,1
116.599627,1,1166,100,619040100,1
116.699559,1,1167,100,619040100,1
116.799610,1,1168,100,619040100,1
116.899909,1,1169,100,619020100,1
116.999492,1,1170,100,619020100,1
117.100395,1,1171,100,619020100,1
117.199436,1,1172,100,619020100,1
117.299549,1,1173,100,619020100,1
117.400199,1,1174,100,619020100,1
117.499656,1,1175,100,619020100,1
117.600188,1,1176,100,619020100,1
117.700256,1,1177,100,619020100,1
117.800243,1,1178,100,619020100,1
117.900094,1,1179,100,619020100,1
118.000088,1,1180,100,619020100,1
118.099885,1,1181,100,619020100,1
118.200141,1,1182,100,619000000,1
118.299407,1,1183,100,619000000,1
118.400074,1,1184,100,619000000,1
118.499718,1,1185,100,618999900,1
118.599678,1,1186,100,618999900,1
118.699561,1,1187,100,618999900,1
118.799546,1,1188,100,618999900,1
118.899528,1,1189,100,618999800,1
118.999405,1,1190,100,618999700,1
119.100366,1,1191,100,618999600,1
119.252208,1,1192,100,618838600,1
119.432217,1,1193,100,618798800,1
119.515938,1,1194,100,618798800,1
119.559370,1,1195,100,618798800,1
119.617000,1,1196,100,618798800,1
119.700790,1,1197,100,618798800,1
119.800699,1,1198,100,618865800,1
119.899832,1,1199,100,618865800,1
119.999816,1,1200,100,618865800,1
120.099449,1,1201,100,618865800,1
120.199551,1,1202,100,618865800,1
120.299770,1,1203,100,618865800,1
120.399476,1,1204,100,618865800,1
120.501288,1,1205,100,618865800,1
120.603695,1,1206,100,618865800,1
120.699847,1,1207,100,618865800,1
120.799566,1,1208,100,618865800,1
120.899740,1,1209,100,618865800,1
120.999679,1,1210,100,618865800,1
121.099707,1,1211,100,618865800,1
121.199516,1,1212,100,618865800,1
121.299741,1,1213,100,618865800,1
121.399980,1,1214,100,618865800,1
121.499824,1,1215,100,618865800,1
121.602283,1,1216,100,618865800,1
121.699454,1,1217,100,618865800,1
121.799762,1,1218,100,618865800,1
121.899650,1,1219,100,618865800,1
121.999783,1,1220,100,618913300,1
122.100235,1,1221,100,618913300,1
122.199378,1,1222,100,618913300,1
122.299525,1,1223,100,618913300,1
122.399597,1,1224,100,618913300,1
122.499664,1,1225,100,618913300,1
122.599673,1,1226,100,618913300,1
122.699565,1,1227,100,618913300,1
122.799718,1,1228,100,618913300,1
122.899829,1,1229,100,618913300,1
122.999505,1,1230,100,618913300,1
123.099660,1,1231,100,618913300,1
123.199333,1,1232,100,618913300,1
123.299602,1,1233,100,618913300,1
123.399587,1,1234,100,618913300,1
123.499845,1,1235,100,618913300,1
123.599609,1,1236,100,618913300,1
123.699504,1,1237,100,618913300,1
123.799591,1,1238,100,618913300,1
123.899858,1,1239,100,618913300,1
123.999569,1,1240,100,618913300,1
124.099558,1,1241,100,618913300,1
124.200248,1,1242,100,618913300,1
124.299525,1,1243,100,618913300,1
124.399945,1,1244,100,618913300,1
124.499590,1,1245,100,618913300,1
124.599554,1,1246,100,618913300,1
124.699653,1,1247,100,618913300,1
124.799909,1,1248,100,618913300,1
124.899680,1,1249,100,618913300,1
124.999762,1,1250,100,618913300,1
125.099622,1,1251,100,618913300,1
125.199422,1,1252,100,618913300,1
125.299822,1,1253,100,618913300,1
125.399639,1,1254,100,618913300,1
125.499527,1,1255,100,618913300,1
125.599505,1,1256,100,618913300,1
125.699571,1,1257,100,618913300,1
125.799400,1,1258,100,618913300,1
125.900412,1,1259,100,618913300,1
125.999508,1,1260,100,618913300,1
126.099324,1,1261,100,618913300,1
126.199778,1,1262,100,618913300,1
126.299515,1,1263,100,618913300,1
126.399479,1,1264,100,618913300,1
126.499555,1,1265,100,618913300,1
126.599714,1,1266,100,618913300,1
126.699535,1,1267,100,618913300,1
126.799675,1,1268,100,618913300,1
126.899631,1,1269,100,618913300,1
126.999612,1,1270,100,618913300,1
127.099642,1,1271,100,618913300,1
127.200222,1,1272,100,618913300,1
127.299763,1,1273,100,618913300,1
127.399701,1,1274,100,618913300,1
127.500563,1,1275,100,618913300,1
127.600243,1,1276,100,618913300,1
127.699996,1,1277,100,618913300,1
127.799561,1,1278,100,618913300,1
127.899633,1,1279,100,618913300,1
127.999678,1,1280,100,618913300,1
128.100087,1,1281,100,618913300,1
128.200274,1,1282,100,618913300,1
128.299763,1,1283,100,618913300,1
128.399728,1,1284,100,618913300,1
128.499562,1,1285,100,618913300,1
128.599751,1,1286,100,618913300,1
128.699672,1,1287,100,618913300,1
128.799926,1,1288,100,618913300,1
128.899663,1,1289,100,618913300,1
128.999864,1,1290,100,618913300,1
129.099671,1,1291,100,618913300,1
129.199424,1,1292,100,618913300,1
129.299578,1,1293,100,618913300,1
129.399646,1,1294,100,618913300,1
129.499743,1,1295,100,618913300,1
129.599792,1,1296,100,618913300,1
129.699819,1,1297,100,618913300,1
129.799875,1,1298,100,618913300,1
129.900269,1,1299,100,618913200,1
129.999842,1,1300,100,618913200,1
130.099527,1,1301,100,618913200,1
130.200134,1,1302,100,618913200,1
130.300009,1,1303,100,618913200,1
130.399535,1,1304,100,618913200,1
130.500041,1,1305,100,618913200,1
130.599668,1,1306,100,618913200,1
130.700077,1,1307,100,618913200,1
130.800250,1,1308,100,618913100,1
130.899954,1,1309,100,618913100,1
130.999467,1,1310,100,618913100,1
131.099532,1,1311,100,618913000,1
131.199746,1,1312,100,618874200,1
131.299718,1,1313,100,618874100,1
131.399791,1,1314,100,618874100,1
131.499846,1,1315,100,618874100,1
131.599876,1,1316,100,618874100,1
131.700214,1,1317,100,618874100,1
131.799813,1,1318,100,618874100,1
131.899679,1,1319,100,618874100,1
131.999899,1,1320,100,618913000,1
132.099545,1,1321,100,618913000,1
132.199704,1,1322,100,618913000,1
132.299511,1,1323,100,618913000,1
132.403335,1,1324,100,618913000,1
132.499763,1,1325,100,618913000,1
132.600259,1,1326,100,618913000,1
132.699624,1,1327,100,618913000,1
132.802208,1,1328,100,618913000,1
133.002645,1,1329,100,618913000,1
133.081734,1,1330,100,618913000,1
133.100311,1,1331,100,618913000,1
133.221855,1,1332,100,618913000,1
133.300210,1,1333,100,618913000,1
133.399406,1,1334,100,618913000,1
133.499502,1,1335,100,618913000,1
133.599614,1,1336,100,618913000,1
133.700163,1,1337,100,618913000,1
133.800071,1,1338,100,618913000,1
133.899618,1,1339,100,618913000,1
134.012001,1,1340,100,618913000,1
134.113379,1,1341,100,618913000,1
134.224198,1,1342,100,618913000,1
134.299559,1,1343,100,618913000,1
134.399603,1,1344,100,618913000,1
134.514037,1,1345,100,618913000,1
134.601318,1,1346,100,618913000,1
134.699498,1,1347,100,618913000,1
134.800063,1,1348,100,618913000,1
134.899533,1,1349,100,618913000,1
134.999515,1,1350,100,618913000,1
135.099665,1,1351,100,618913000,1
135.199870,1,1352,100,618961300,1
135.299606,1,1353,100,618961300,1
135.399621,1,1354,100,618961300,1
135.499527,1,1355,100,618961300,1
135.599982,1,1356,100,618961300,1
135.699665,1,1357,100,618961300,1
135.801234,1,1358,100,618980000,1
135.899647,1,1359,100,618980000,1
135.999676,1,1360,100,618980000,1
136.099653,1,1361,100,618980000,1
136.199420,1,1362,100,618980000,1
136.299646,1,1363,100,618980000,1
136.401493,1,1364,100,618980000,1
136.499824,1,1365,100,618980000,1
136.599659,1,1366,100,618980000,1
136.699449,1,1367,100,618980000,1
136.799950,1,1368,100,618980000,1
136.899715,1,1369,100,618980000,1
136.999732,1,1370,100,618980000,1
137.099755,1,1371,100,618980000,1
137.199603,1,1372,100,618980000,1
137.299553,1,1373,100,618980000,1
137.401511,1,1374,100,618980000,1
137.499543,1,1375,100,618980000,1
137.599583,1,1376,100,618980000,1
137.699690,1,1377,100,618980000,1
137.799692,1,1378,100,618980000,1
137.899343,1,1379,100,618980000,1
137.999543,1,1380,100,618980000,1
138.100041,1,1381,100,618980000,1
138.199542,1,1382,100,618980000,1
138.299392,1,1383,100,618980000,1
138.400217,1,1384,100,618980000,1
138.499545,1,1385,100,618980000,1
138.599927,1,1386,100,618980000,1
138.699623,1,1387,100,618980000,1
138.799511,1,1388,100,618980000,1
138.899685,1,1389,100,618980000,1
138.999885,1,1390,100,618980000,1
139.099573,1,1391,100,618980000,1
139.199715,1,1392,100,618980000,1
139.300495,1,1393,100,618980000,1
139.399807,1,1394,100,618980000,1
139.500229,1,1395,100,618980000,1
139.600074,1,1396,100,619006500,1
139.699922,1,1397,100,619011500,1
139.800272,1,1398,100,619060100,1
139.899803,1,1399,100,619060100,1
139.999506,1,1400,100,619060100,1
140.099879,1,1401,100,619060100,1
140.199603,1,1402,100,619060100,1
140.300261,1,1403,100,619060100,1
140.399398,1,1404,100,619072000,1
140.499861,1,1405,100,619072000,1
140.599612,1,1406,100,619072000,1
140.705616,1,1407,100,619072000,1
140.799432,1,1408,100,619072000,1
140.899574,1,1409,100,619072000,1
140.999479,1,1410,100,619072000,1
141.112326,1,1411,100,619072000,1
141.236964,1,1412,100,619072000,1
141.330907,1,1413,100,619072000,1
141.402953,1,1414,100,619072000,1
141.522251,1,1415,100,619072000,1
141.600539,1,1416,100,619072000,1
141.702151,1,1417,100,619072000,1
141.800663,1,1418,100,619072200,1
141.899989,1,1419,100,619133000,1
141.999610,1,1420,100,619144600,1
142.099591,1,1421,100,619152900,1
142.199719,1,1422,100,619152900,1
142.299690,1,1423,100,619180000,1
142.399854,1,1424,100,619180000,1
142.499667,1,1425,100,619180000,1
142.601355,1,1426,100,619180000,1
142.704392,1,1427,100,619180000,1
142.799497,1,1428,100,619180000,1
142.899468,1,1429,100,619234100,1
143.018931,1,1430,100,619234100,1
143.099658,1,1431,100,619234100,1
143.199655,1,1432,100,619234100,1
143.299703,1,1433,100,619234100,1
143.422935,1,1434,100,619234100,1
143.503155,1,1435,100,619234100,1
143.616658,1,1436,100,619234100,1
143.704311,1,1437,100,619234100,1
143.800842,1,1438,100,619234100,1
143.899569,1,1439,100,619234100,1
144.000589,1,1440,100,619234200,1
144.100066,1,1441,100,619234200,1
144.199412,1,1442,100,619280000,1
144.300066,1,1443,100,619280000,1
144.399586,1,1444,100,619280000,1
144.500496,1,1445,100,619280000,1
144.600118,1,1446,100,619280000,1
144.699763,1,1447,100,619280000,1
144.799542,1,1448,100,619280000,1
144.899670,1,1449,100,619280000,1
145.000003,1,1450,100,619280000,1
145.099535,1,1451,100,619280000,1
145.199535,1,1452,100,619280000,1
145.299917,1,1453,100,619280000,1
145.400234,1,1454,100,619280000,1
145.499717,1,1455,100,619280000,1
145.600251,1,1456,100,619280000,1
145.701266,1,1457,100,619280000,1
145.799622,1,1458,100,619280000,1
145.899573,1,1459,100,619280000,1
145.999703,1,1460,100,619280000,1
146.101572,1,1461,100,619280000,1
146.212322,1,1462,100,619280000,1
146.299673,1,1463,100,619280000,1
146.399728,1,1464,100,619280000,1
146.499538,1,1465,100,619280000,1
146.600254,1,1466,100,619280000,1
146.699772,1,1467,100,619280000,1
146.799494,1,1468,100,619280000,1
146.899578,1,1469,100,619280000,1
146.999385,1,1470,100,619280000,1
147.100279,1,1471,100,619280000,1
147.199509,1,1472,100,619280000,1
147.300251,1,1473,100,619280000,1
147.400357,1,1474,100,619280000,1
147.499634,1,1475,100,619280000,1
147.599716,1,1476,100,619280000,1
147.699544,1,1477,100,619280000,1
147.799649,1,1478,100,619280000,1
147.899781,1,1479,100,619280000,1
148.000242,1,1480,100,619280000,1
148.100249,1,1481,100,619280000,1
148.199776,1,1482,100,619280000,1
148.299655,1,1483,100,619280000,1
148.400294,1,1484,100,619280000,1
148.499627,1,1485,100,619280000,1
148.599926,1,1486,100,619280000,1
148.699577,1,1487,100,619280000,1
148.799665,1,1488,100,619280000,1
148.899657,1,1489,100,619280000,1
149.000231,1,1490,100,619280000,1
149.099899,1,1491,100,619280000,1
149.200235,1,1492,100,619280000,1
149.300282,1,1493,100,619280000,1
149.399671,1,1494,100,619280000,1
149.500272,1,1495,100,619280000,1
149.599882,1,1496,100,619280000,1
149.699533,1,1497,100,619280000,1
149.800239,1,1498,100,619280000,1
149.899627,1,1499,100,619280000,1
149.999608,1,1500,100,619280000,1
150.099684,1,1501,100,619280000,1
150.199558,1,1502,100,619280000,1
150.299719,1,1503,100,619280000,1
150.399554,1,1504,100,619280000,1
150.499796,1,1505,100,619280000,1
150.600265,1,1506,100,619280000,1
150.699626,1,1507,100,619280000,1
150.799531,1,1508,100,619280000,1
150.899686,1,1509,100,619280000,1
150.999752,1,1510,100,619271200,1
151.099799,1,1511,100,619234100,1
151.199396,1,1512,100,619234100,1
151.299581,1,1513,100,619234100,1
151.400028,1,1514,100,619234100,1
151.501675,1,1515,100,619234100,1
151.601110,1,1516,100,619248300,1
151.700242,1,1517,100,619248300,1
151.799563,1,1518,100,619248300,1
151.899497,1,1519,100,619248300,1
151.999571,1,1520,100,619248300,1
152.099726,1,1521,100,619261300,1
152.207396,1,1522,100,619261300,1
152.299431,1,1523,100,619280000,1
152.400258,1,1524,100,619280000,1
152.499448,1,1525,100,619280000,1
152.600119,1,1526,100,619280000,1
152.699422,1,1527,100,619280000,1
152.799435,1,1528,100,619280000,1
152.899293,1,1529,100,619280000,1
152.999451,1,1530,100,619280000,1
153.099705,1,1531,100,619280000,1
153.199705,1,1532,100,619280000,1
153.300251,1,1533,100,619280000,1
153.400102,1,1534,100,619280000,1
153.499680,1,1535,100,619280000,1
153.600268,1,1536,100,619280000,1
153.699615,1,1537,100,619280000,1
153.799443,1,1538,100,619280000,1
153.899552,1,1539,100,619280000,1
153.999784,1,1540,100,619280000,1
154.099524,1,1541,100,619280000,1
154.199561,1,1542,100,619280000,1
154.299547,1,1543,100,619280000,1
154.400216,1,1544,100,619280000,1
154.499742,1,1545,100,619280000,1
154.599959,1,1546,100,619280000,1
154.699546,1,1547,100,619280000,1
154.799517,1,1548,100,619280000,1
154.899761,1,1549,100,619280000,1
154.999921,1,1550,100,619280000,1
155.100246,1,1551,100,619280000,1
155.199419,1,1552,100,619280000,1
155.300413,1,1553,100,619280000,1
155.399410,1,1554,100,619280000,1
155.499722,1,1555,100,619280000,1
155.599745,1,1556,100,619280000,1
155.702383,1,1557,100,619280000,1
155.799873,1,1558,100,619280000,1
155.899856,1,1559,100,619280000,1
156.000107,1,1560,100,619280000,1
156.101250,1,1561,100,619280000,1
156.199689,1,1562,100,619280000,1
156.299713,1,1563,100,619280000,1
156.399685,1,1564,100,619280000,1
156.499447,1,1565,100,619280000,1
156.602184,1,1566,100,619280000,1
156.699895,1,1567,100,619297800,1
156.799621,1,1568,100,619297800,1
156.899579,1,1569,100,619297800,1
156.999529,1,1570,100,619297800,1
157.103909,1,1571,100,619297800,1
157.199401,1,1572,100,619297800,1
157.299469,1,1573,100,619297800,1
157.400212,1,1574,100,619297800,1
157.499821,1,1575,100,619297800,1
157.599979,1,1576,100,619297800,1
157.699852,1,1577,100,619297800,1
157.799270,1,1578,100,619297800,1
157.899579,1,1579,100,619297800,1
157.999649,1,1580,100,619297800,1
158.100423,1,1581,100,619297800,1
158.199820,1,1582,100,619280000,1
158.301191,1,1583,100,619280000,1
158.399995,1,1584,100,619280000,1
158.499518,1,1585,100,619280000,1
158.599709,1,1586,100,619261300,1
158.699908,1,1587,100,619234100,1
158.799456,1,1588,100,619222000,1
158.900207,1,1589,100,619202000,1
158.999614,1,1590,100,619202000,1
159.103666,1,1591,100,619202000,1
159.199745,1,1592,100,619202000,1
159.299619,1,1593,100,619202000,1
159.400229,1,1594,100,619202000,1
159.499998,1,1595,100,619202000,1
159.642870,1,1596,100,619202000,1
159.736259,1,1597,100,619202000,1
159.802064,1,1598,100,619202000,1
159.926529,1,1599,100,619202000,1
160.000263,1,1600,100,619202000,1
160.120470,1,1601,100,619202000,1
160.199703,1,1602,100,619202000,1
160.299624,1,1603,100,619202000,1
160.399932,1,1604,100,619202000,1
160.499796,1,1605,100,619202000,1
160.599543,1,1606,100,619202000,1
160.703294,1,1607,100,619202000,1
160.799410,1,1608,100,619202000,1
160.899496,1,1609,100,619202000,1
160.999749,1,1610,100,619202000,1
161.099648,1,1611,100,619202000,1
161.199699,1,1612,100,619202000,1
161.299684,1,1613,100,619202000,1
161.400110,1,1614,100,619202000,1
161.499846,1,1615,100,619202000,1
161.599592,1,1616,100,619202000,1
161.700928,1,1617,100,619202000,1
161.799475,1,1618,100,619202000,1
161.900194,1,1619,100,619202000,1
162.000433,1,1620,100,619202000,1
162.099642,1,1621,100,619202000,1
162.199462,1,1622,100,619202000,1
162.299464,1,1623,100,619202000,1
162.400324,1,1624,100,619202000,1
162.499474,1,1625,100,619202000,1
162.599515,1,1626,100,619202000,1
162.699757,1,1627,100,619202000,1
162.800886,1,1628,100,619202000,1
162.899641,1,1629,100,619202000,1
162.999517,1,1630,100,619202000,1
163.099720,1,1631,100,619202000,1
163.199602,1,1632,100,619202000,1
163.299643,1,1633,100,619234100,1
163.399792,1,1634,100,619271600,1
163.499558,1,1635,100,619297800,1
163.599742,1,1636,100,619297800,1
163.699853,1,1637,100,619297800,1
163.799708,1,1638,100,619349800,1
163.899568,1,1639,100,619349900,1
163.999682,1,1640,100,619349900,1
164.099544,1,1641,100,619349900,1
164.199798,1,1642,100,619349900,1
164.299690,1,1643,100,619349900,1
164.399557,1,1644,100,619349900,1
164.499683,1,1645,100,619349900,1
164.599863,1,1646,100,619349900,1
164.699960,1,1647,100,619349900,1
164.799644,1,1648,100,619349900,1
164.899483,1,1649,100,619349900,1
164.999648,1,1650,100,619349900,1
165.099635,1,1651,100,619349900,1
165.199960,1,1652,100,619349900,1
165.308790,1,1653,100,619349900,1
165.421043,1,1654,100,619349900,1
165.499583,1,1655,100,619349900,1
165.599840,1,1656,100,619349900,1
165.699618,1,1657,100,619349900,1
165.799644,1,1658,100,619349900,1
165.899544,1,1659,100,619349900,1
165.999749,1,1660,100,619349900,1
166.099566,1,1661,100,619349900,1
166.200583,1,1662,100,619349900,1
166.299529,1,1663,100,619336900,1
166.406169,1,1664,100,619376600,1
166.499985,1,1665,100,619465800,1
166.600239,1,1666,100,619465800,1
166.712119,1,1667,100,619465800,1
166.799579,1,1668,100,619465800,1
166.899713,1,1669,100,619465800,1
167.027382,1,1670,100,619465800,1
167.114248,1,1671,100,619465800,1
167.199959,1,1672,100,619465800,1
167.299921,1,1673,100,619465800,1
167.399649,1,1674,100,619465800,1
167.500044,1,1675,100,619465800,1
167.599778,1,1676,100,619465800,1
167.699490,1,1677,100,619465800,1
167.799994,1,1678,100,619465800,1
167.899439,1,1679,100,619465800,1
168.000075,1,1680,100,619465800,1
168.099987,1,1681,100,619465800,1
168.200249,1,1682,100,619465800,1
168.299568,1,1683,100,619465800,1
168.400232,1,1684,100,619465800,1
168.500097,1,1685,100,619465800,1
168.599678,1,1686,100,619465800,1
168.722811,1,1687,100,619465800,1
168.801785,1,1688,100,619465800,1
168.899869,1,1689,100,619465800,1
169.001456,1,1690,100,619465800,1
169.100604,1,1691,100,619465800,1
169.200981,1,1692,100,619465800,1
169.299417,1,1693,100,619465800,1
169.399729,1,1694,100,619465800,1
169.500226,1,1695,100,619465800,1
169.599833,1,1696,100,619465800,1
169.700218,1,1697,100,619465800,1
169.799873,1,1698,100,619465800,1
169.899585,1,1699,100,619465800,1
169.999647,1,1700,100,619465800,1
170.099598,1,1701,100,619465800,1
170.199780,1,1702,100,619465800,1
170.300280,1,1703,100,619465800,1
170.400245,1,1704,100,619465800,1
170.499475,1,1705,100,619465800,1
170.600190,1,1706,100,619453700,1
170.700300,1,1707,100,619437400,1
170.799944,1,1708,100,619437300,1
170.899755,1,1709,100,619437300,1
170.999577,1,1710,100,619437300,1
171.099814,1,1711,100,619437300,1
171.199836,1,1712,100,619437300,1
171.300058,1,1713,100,619353100,1
171.400559,1,1714,100,619353100,1
171.500635,1,1715,100,619402900,1
171.602856,1,1716,100,619402900,1
171.699656,1,1717,100,619402900,1
171.802624,1,1718,100,619402900,1
171.899811,1,1719,100,619402900,1
171.999474,1,1720,100,619402900,1
172.099447,1,1721,100,619402900,1
172.200394,1,1722,100,619402900,1
172.299629,1,1723,100,619368000,1
172.399845,1,1724,100,619368000,1
172.499477,1,1725,100,619353100,1
172.608916,1,1726,100,619353100,1
172.699512,1,1727,100,619353100,1
172.799696,1,1728,100,619353100,1
172.900496,1,1729,100,619353100,1
173.002032,1,1730,100,619415100,1
173.099835,1,1731,100,619452700,1
173.199793,1,1732,100,619452700,1
173.299906,1,1733,100,619489600,1
173.400165,1,1734,100,619540000,1
173.499691,1,1735,100,619540000,1
173.603446,1,1736,100,619540000,1
173.699719,1,1737,100,619540000,1
173.802078,1,1738,100,619540000,1
173.899696,1,1739,100,619540000,1
173.999834,1,1740,100,619540000,1
174.100343,1,1741,100,619540000,1
174.199645,1,1742,100,619540000,1
174.299811,1,1743,100,619506100,1
174.400437,1,1744,100,619506100,1
174.506126,1,1745,100,619506100,1
174.601851,1,1746,100,619506100,1
174.701745,1,1747,100,619538400,1
174.812813,1,1748,100,619644200,1
174.901762,1,1749,100,619680000,1
174.999924,1,1750,100,619680000,1
175.099660,1,1751,100,619680000,1
175.199584,1,1752,100,619680000,1
175.299675,1,1753,100,619680000,1
175.400846,1,1754,100,619680000,1
175.499788,1,1755,100,619635200,1
175.602959,1,1756,100,619616300,1
175.700269,1,1757,100,619604700,1
175.800254,1,1758,100,619604700,1
175.899577,1,1759,100,619540000,1
175.999752,1,1760,100,619508700,1
176.099539,1,1761,100,619508700,1
176.199727,1,1762,100,619508700,1
176.299742,1,1763,100,619508700,1
176.399488,1,1764,100,619508700,1
176.500267,1,1765,100,619508700,1
176.602333,1,1766,100,619480100,1
176.699406,1,1767,100,619464900,1
176.799641,1,1768,100,619464900,1
176.903073,1,1769,100,619463700,1
176.999523,1,1770,100,619463700,1
177.099821,1,1771,100,619418100,1
177.200058,1,1772,100,619350700,1
177.299438,1,1773,100,619340100,1
177.399492,1,1774,100,619340100,1
177.499642,1,1775,100,619320100,1
177.601687,1,1776,100,619311100,1
177.699598,1,1777,100,619311100,1
177.799796,1,1778,100,619311100,1
177.902420,1,1779,100,619311100,1
177.999444,1,1780,100,619311100,1
178.099738,1,1781,100,619311100,1
178.199706,1,1782,100,619311100,1
178.299831,1,1783,100,619311100,1
178.399348,1,1784,100,619311100,1
178.499568,1,1785,100,619311100,1
178.602463,1,1786,100,619297800,1
178.699486,1,1787,100,619260100,1
178.799578,1,1788,100,619260100,1
178.902702,1,1789,100,619260100,1
179.000173,1,1790,100,619240100,1
179.099390,1,1791,100,619240100,1
179.199623,1,1792,100,619240100,1
179.300010,1,1793,100,619240100,1
179.399731,1,1794,100,619240100,1
179.499286,1,1795,100,619240100,1
179.599881,1,1796,100,619240000,1
179.699727,1,1797,100,619240000,1
179.799458,1,1798,100,619239900,1
179.899551,1,1799,100,619239900,1
179.999618,1,1800,100,619222700,1
180.099664,1,1801,100,619222700,1
180.199541,1,1802,100,619222700,1
180.299477,1,1803,100,619222700,1
180.399707,1,1804,100,619222700,1
180.499949,1,1805,100,619222700,1
180.600649,1,1806,100,619222700,1
180.699631,1,1807,100,619187100,1
180.799610,1,1808,100,619187100,1
180.899314,1,1809,100,619180100,1
180.999661,1,1810,100,619180100,1
181.101923,1,1811,100,619120100,1
181.199641,1,1812,100,619100100,1
181.302957,1,1813,100,619100100,1
181.434591,1,1814,100,619100100,1
181.539411,1,1815,100,619100100,1
181.620320,1,1816,100,619100100,1
181.715231,1,1817,100,619040100,1
181.824167,1,1818,100,619040100,1
181.911634,1,1819,100,619040100,1
182.000734,1,1820,100,619040100,1
182.103103,1,1821,100,619040100,1
182.199951,1,1822,100,619040100,1
182.311569,1,1823,100,619040100,1
182.400140,1,1824,100,619065100,1
182.499551,1,1825,100,619120100,1
182.600378,1,1826,100,619120100,1
182.699822,1,1827,100,619120100,1
182.800063,1,1828,100,619120100,1
182.900130,1,1829,100,619080000,1
182.999455,1,1830,100,619080000,1
183.099512,1,1831,100,619080000,1
183.199772,1,1832,100,619080000,1
183.299585,1,1833,100,619080000,1
183.399792,1,1834,100,619065100,1
183.499578,1,1835,100,619065100,1
183.600366,1,1836,100,619065100,1
183.699636,1,1837,100,619065100,1
183.800512,1,1838,100,619065100,1
183.899463,1,1839,100,619065100,1
183.999869,1,1840,100,619065100,1
184.099798,1,1841,100,619129700,1
184.199773,1,1842,100,619129700,1
184.299762,1,1843,100,619129700,1
184.399533,1,1844,100,619129700,1
184.499611,1,1845,100,619129700,1
184.599578,1,1846,100,619129700,1
184.701728,1,1847,100,619215700,1
184.799803,1,1848,100,619280000,1
184.899715,1,1849,100,619280100,1
184.999549,1,1850,100,619280100,1
185.099643,1,1851,100,619280100,1
185.199679,1,1852,100,619280100,1
185.299831,1,1853,100,619280100,1
185.399382,1,1854,100,619280100,1
185.499588,1,1855,100,619280100,1
185.599841,1,1856,100,619280100,1
185.700176,1,1857,100,619280100,1
185.799938,1,1858,100,619280100,1
185.899605,1,1859,100,619280100,1
185.999651,1,1860,100,619280100,1
186.099538,1,1861,100,619280100,1
186.199521,1,1862,100,619280100,1
186.299700,1,1863,100,619280100,1
186.400888,1,1864,100,619280100,1
186.500616,1,1865,100,619268700,1
186.600040,1,1866,100,619268700,1
186.701617,1,1867,100,619268700,1
186.799524,1,1868,100,619268700,1
186.899609,1,1869,100,619268700,1
186.999771,1,1870,100,619268700,1
187.100433,1,1871,100,619231500,1
187.199540,1,1872,100,619191600,1
187.299923,1,1873,100,619191600,1
187.399558,1,1874,100,619156500,1
187.499412,1,1875,100,619156500,1
187.600652,1,1876,100,619156500,1
187.699373,1,1877,100,619129700,1
187.799598,1,1878,100,619129700,1
187.899428,1,1879,100,619129700,1
187.999492,1,1880,100,619129700,1
188.099346,1,1881,100,619129700,1
188.199490,1,1882,100,619129700,1
188.299983,1,1883,100,619129700,1
188.399295,1,1884,100,619129700,1
188.499509,1,1885,100,619129700,1
188.599965,1,1886,100,619166700,1
188.699778,1,1887,100,619208100,1
188.799643,1,1888,100,619208100,1
188.899432,1,1889,100,619208100,1
188.999661,1,1890,100,619208100,1
189.101746,1,1891,100,619286100,1
189.199622,1,1892,100,619300000,1
189.299637,1,1893,100,619320000,1
189.399607,1,1894,100,619360000,1
189.499517,1,1895,100,619407700,1
189.600003,1,1896,100,619407700,1
189.699508,1,1897,100,619407700,1
189.799469,1,1898,100,619407700,1
189.899726,1,1899,100,619407700,1
189.999504,1,1900,100,619407700,1
190.099721,1,1901,100,619407700,1
190.199800,1,1902,100,619420000,1
190.299677,1,1903,100,619420000,1
190.399879,1,1904,100,619420000,1
190.499420,1,1905,100,619420000,1
190.599649,1,1906,100,619420000,1
190.699758,1,1907,100,619420000,1
190.799667,1,1908,100,619420000,1
190.899679,1,1909,100,619420000,1
190.999599,1,1910,100,619420000,1
191.099701,1,1911,100,619420000,1
191.199669,1,1912,100,619420000,1
191.299601,1,1913,100,619420000,1
191.399576,1,1914,100,619420000,1
191.499534,1,1915,100,619420000,1
191.599320,1,1916,100,619420000,1
191.703979,1,1917,100,619420000,1
191.799545,1,1918,100,619420000,1
191.901505,1,1919,100,619420000,1
191.999664,1,1920,100,619420000,1
192.099777,1,1921,100,619420000,1
192.199464,1,1922,100,619420000,1
192.299523,1,1923,100,619420000,1
192.399355,1,1924,100,619420000,1
192.499650,1,1925,100,619420000,1
192.599841,1,1926,100,619420000,1
192.699858,1,1927,100,619420000,1
192.799894,1,1928,100,619420000,1
192.899915,1,1929,100,619420000,1
193.000230,1,1930,100,619373200,1
193.100115,1,1931,100,619373200,1
193.200347,1,1932,100,619373200,1
193.300068,1,1933,100,619373200,1
193.399842,1,1934,100,619373200,1
193.499517,1,1935,100,619340000,1
193.599663,1,1936,100,619340000,1
193.699711,1,1937,100,619340000,1
193.799554,1,1938,100,619340000,1
193.899434,1,1939,100,619340000,1
193.999453,1,1940,100,619340000,1
194.099575,1,1941,100,619340000,1
194.199582,1,1942,100,619340000,1
194.299508,1,1943,100,619340000,1
194.399730,1,1944,100,619340000,1
194.499688,1,1945,100,619340000,1
194.599576,1,1946,100,619340000,1
194.699519,1,1947,100,619340000,1
194.799692,1,1948,100,619340000,1
194.899707,1,1949,100,619340000,1
195.000204,1,1950,100,619340000,1
195.108211,1,1951,100,619340000,1
195.199621,1,1952,100,619388400,1
195.299582,1,1953,100,619413900,1
195.403918,1,1954,100,619460000,1
195.499813,1,1955,100,619500000,1
195.599844,1,1956,100,619500000,1
195.699495,1,1957,100,619506100,1
195.799697,1,1958,100,619506100,1
195.900037,1,1959,100,619506100,1
196.005270,1,1960,100,619506100,1
196.099456,1,1961,100,619506100,1
196.199566,1,1962,100,619506100,1
196.299324,1,1963,100,619520000,1
196.406576,1,1964,100,619584000,1
196.499699,1,1965,100,619640000,1
196.603507,1,1966,100,619679900,1
196.702833,1,1967,100,619711700,1
196.799693,1,1968,100,619722600,1
196.899831,1,1969,100,619760000,1
196.999779,1,1970,100,619780000,1
197.100647,1,1971,100,619800000,1
197.200302,1,1972,100,619800000,1
197.299591,1,1973,100,619853600,1
197.399640,1,1974,100,619853600,1
197.499866,1,1975,100,619853600,1
197.602577,1,1976,100,619853600,1
197.701882,1,1977,100,619853600,1
197.799450,1,1978,100,619853600,1
197.899334,1,1979,100,619853600,1
197.999410,1,1980,100,619853600,1
198.099514,1,1981,100,619853600,1
198.199676,1,1982,100,619853600,1
198.299817,1,1983,100,619805100,1
198.399480,1,1984,100,619805100,1
198.499510,1,1985,100,619805100,1
198.599698,1,1986,100,619805100,1
198.699705,1,1987,100,619805100,1
198.799570,1,1988,100,619805100,1
198.899559,1,1989,100,619805100,1
198.999570,1,1990,100,619805100,1
199.099540,1,1991,100,619805100,1
199.199530,1,1992,100,619805100,1
199.299399,1,1993,100,619805100,1
199.399749,1,1994,100,619805100,1
199.499571,1,1995,100,619805100,1
199.600293,1,1996,100,619805100,1
199.699611,1,1997,100,619805100,1
199.799779,1,1998,100,619805100,1
199.899548,1,1999,100,619747400,1
199.999894,1,2000,100,619747400,1
200.099576,1,2001,100,619747400,1
200.199617,1,2002,100,619747400,1
200.299611,1,2003,100,619747400,1
200.401175,1,2004,100,619747400,1
200.499424,1,2005,100,619747400,1
200.599540,1,2006,100,619747400,1
200.699711,1,2007,100,619747400,1
200.799649,1,2008,100,619747400,1
200.899725,1,2009,100,619700300,1
201.000252,1,2010,100,619700300,1
201.099706,1,2011,100,619700300,1
201.199524,1,2012,100,619700300,1
201.299623,1,2013,100,619700300,1
201.401141,1,2014,100,619660100,1
201.500130,1,2015,100,619660100,1
201.599833,1,2016,100,619660100,1
201.699419,1,2017,100,619660100,1
201.799549,1,2018,100,619660100,1
201.899767,1,2019,100,619640100,1
201.999588,1,2020,100,619624200,1
202.099557,1,2021,100,619624200,1
202.199859,1,2022,100,619624200,1
202.301446,1,2023,100,619624200,1
202.399925,1,2024,100,619624200,1
202.499558,1,2025,100,619624200,1
202.600017,1,2026,100,619624200,1
202.699734,1,2027,100,619624200,1
202.799411,1,2028,100,619624200,1
202.899996,1,2029,100,619624200,1
202.999593,1,2030,100,619624200,1
203.100726,1,2031,100,619624200,1
203.199795,1,2032,100,619600100,1
203.300769,1,2033,100,619600000,1
203.399534,1,2034,100,619600000,1
203.499405,1,2035,100,619600000,1
203.599531,1,2036,100,619600000,1
203.699858,1,2037,100,619599900,1
203.799728,1,2038,100,619580100,1
203.899545,1,2039,100,619561200,1
203.999572,1,2040,100,619561200,1
204.099567,1,2041,100,619561200,1
204.199503,1,2042,100,619561200,1
204.299634,1,2043,100,619561200,1
204.399651,1,2044,100,619561200,1
204.499391,1,2045,100,619560100,1
204.599967,1,2046,100,619560100,1
204.699618,1,2047,100,619560000,1
204.799508,1,2048,100,619540100,1
204.899807,1,2049,100,619421900,1
205.000124,1,2050,100,619421900,1
205.099592,1,2051,100,619421900,1
205.199776,1,2052,100,619421900,1
205.299901,1,2053,100,619421900,1
205.399457,1,2054,100,619421900,1
205.499634,1,2055,100,619421900,1
205.600112,1,2056,100,619421900,1
205.699924,1,2057,100,619345000,1
205.799818,1,2058,100,619318900,1
205.899680,1,2059,100,619318900,1
205.999395,1,2060,100,619318800,1
206.099519,1,2061,100,619318800,1
206.199767,1,2062,100,619318700,1
206.299875,1,2063,100,619311000,1
206.399431,1,2064,100,619310900,1
206.500164,1,2065,100,619297800,1
206.600260,1,2066,100,619297700,1
206.700447,1,2067,100,619297700,1
206.799549,1,2068,100,619280100,1
206.900029,1,2069,100,619200100,1
206.999519,1,2070,100,619195900,1
207.099832,1,2071,100,619195900,1
207.199612,1,2072,100,619195900,1
207.299518,1,2073,100,619195900,1
207.400077,1,2074,100,619195900,1
207.499787,1,2075,100,619195900,1
207.600030,1,2076,100,619195900,1
207.699799,1,2077,100,619195900,1
207.799686,1,2078,100,619195900,1
207.899789,1,2079,100,619195900,1
208.000286,1,2080,100,619195900,1
208.099482,1,2081,100,619195900,1
208.200205,1,2082,100,619195900,1
208.299719,1,2083,100,619195900,1
208.399718,1,2084,100,619195900,1
208.499461,1,2085,100,619195900,1
208.599424,1,2086,100,619195900,1
208.699438,1,2087,100,619195900,1
208.799606,1,2088,100,619195900,1
208.899730,1,2089,100,619195900,1
208.999536,1,2090,100,619195900,1
209.099519,1,2091,100,619195900,1
209.199512,1,2092,100,619195900,1
209.299453,1,2093,100,619195900,1
209.400133,1,2094,100,619195900,1
209.499557,1,2095,100,619270100,1
209.599440,1,2096,100,619270100,1
209.699528,1,2097,100,619270100,1
209.799516,1,2098,100,619270100,1
209.899823,1,2099,100,619270100,1
209.999523,1,2100,100,619270100,1
210.099585,1,2101,100,619270100,1
210.199661,1,2102,100,619270100,1
210.299552,1,2103,100,619270100,1
210.399601,1,2104,100,619270100,1
210.499510,1,2105,100,619270100,1
210.599695,1,2106,100,619270100,1
210.700231,1,2107,100,619270100,1
210.801259,1,2108,100,619270100,1
210.899317,1,2109,100,619270100,1
210.999375,1,2110,100,619270100,1
211.099646,1,2111,100,619270100,1
211.200270,1,2112,100,619270100,1
211.300006,1,2113,100,619270100,1
211.400351,1,2114,100,619270100,1
211.501200,1,2115,100,619270100,1
211.599621,1,2116,100,619270100,1
211.710409,1,2117,100,619270100,1
211.806216,1,2118,100,619270100,1
211.899960,1,2119,100,619270100,1
212.000215,1,2120,100,619270100,1
212.100177,1,2121,100,619270100,1
212.199421,1,2122,100,619270100,1
212.300168,1,2123,100,619270100,1
212.399449,1,2124,100,619270100,1
212.499528,1,2125,100,619270100,1
212.599588,1,2126,100,619270100,1
212.699581,1,2127,100,619270100,1
212.799646,1,2128,100,619270100,1
212.899598,1,2129,100,619270100,1
212.999560,1,2130,100,619270100,1
213.099769,1,2131,100,619270100,1
213.199698,1,2132,100,619270100,1
213.300243,1,2133,100,619270100,1
213.399846,1,2134,100,619270100,1
213.499944,1,2135,100,619270100,1
213.599612,1,2136,100,619270100,1
213.705441,1,2137,100,619221500,1
213.799656,1,2138,100,619221500,1
213.899714,1,2139,100,619221500,1
214.000135,1,2140,100,619221500,1
214.100299,1,2141,100,619221500,1
214.199481,1,2142,100,619221500,1
214.299464,1,2143,100,619221500,1
214.400076,1,2144,100,619180100,1
214.499861,1,2145,100,619180100,1
214.599846,1,2146,100,619180000,1
214.699953,1,2147,100,619180000,1
214.799773,1,2148,100,619180000,1
214.899907,1,2149,100,619180000,1
215.001559,1,2150,100,619180000,1
215.100143,1,2151,100,619180000,1
215.199571,1,2152,100,619180000,1
215.299750,1,2153,100,619160100,1
215.399575,1,2154,100,619160100,1
215.499577,1,2155,100,619160100,1
215.599612,1,2156,100,619160100,1
215.699688,1,2157,100,619160100,1
215.799728,1,2158,100,619160100,1
215.899729,1,2159,100,619160100,1
216.002889,1,2160,100,619180000,1
216.100288,1,2161,100,619180000,1
216.201185,1,2162,100,619180000,1
216.299459,1,2163,100,619180000,1
216.399828,1,2164,100,619180000,1
216.499572,1,2165,100,619180000,1
216.600184,1,2166,100,619180000,1
216.702325,1,2167,100,619160100,1
216.799849,1,2168,100,619160100,1
216.899534,1,2169,100,619160100,1
217.000549,1,2170,100,619160100,1
217.099545,1,2171,100,619160100,1
217.200864,1,2172,100,619160100,1
217.300236,1,2173,100,619160100,1
217.399462,1,2174,100,619160100,1
217.499998,1,2175,100,619160100,1
217.599887,1,2176,100,619160100,1
217.699510,1,2177,100,619160100,1
217.799515,1,2178,100,619160100,1
217.899554,1,2179,100,619160100,1
218.001610,1,2180,100,619160100,1
218.099542,1,2181,100,619160100,1
218.200727,1,2182,100,619160100,1
218.299685,1,2183,100,619160100,1
218.399425,1,2184,100,619160100,1
218.499871,1,2185,100,619160100,1
218.599964,1,2186,100,619147300,1
218.699532,1,2187,100,619147300,1
218.799631,1,2188,100,619147300,1
218.899407,1,2189,100,619147300,1
218.999638,1,2190,100,619147300,1
219.113451,1,2191,100,619060100,1
219.199965,1,2192,100,618990100,1
219.299547,1,2193,100,618936900,1
219.399846,1,2194,100,618920100,1
219.499717,1,2195,100,618895300,1
219.600191,1,2196,100,618880100,1
219.699422,1,2197,100,618880100,1
219.799561,1,2198,100,618880100,1
219.900140,1,2199,100,618880100,1
220.000361,1,2200,100,618880100,1
220.099717,1,2201,100,618880100,1
220.199645,1,2202,100,618880100,1
220.299829,1,2203,100,618880100,1
220.409160,1,2204,100,618880100,1
220.499571,1,2205,100,618880100,1
220.599908,1,2206,100,618880100,1
220.699606,1,2207,100,618880100,1
220.799651,1,2208,100,618880100,1
220.899432,1,2209,100,618880100,1
220.999647,1,2210,100,618880100,1
221.100011,1,2211,100,618880100,1
221.199574,1,2212,100,618911100,1
221.299864,1,2213,100,618911100,1
221.399781,1,2214,100,618922800,1
221.500068,1,2215,100,618922800,1
221.600307,1,2216,100,618935500,1
221.699747,1,2217,100,618935500,1
221.799450,1,2218,100,619000100,1
221.899587,1,2219,100,619000100,1
221.999392,1,2220,100,619000100,1
222.100225,1,2221,100,619000100,1
222.199667,1,2222,100,619000100,1
222.299465,1,2223,100,619000100,1
222.399596,1,2224,100,619000100,1
222.499359,1,2225,100,619000100,1
222.599781,1,2226,100,619000100,1
222.699558,1,2227,100,619000100,1
222.799762,1,2228,100,619000100,1
222.899587,1,2229,100,619000100,1
222.999621,1,2230,100,619000100,1
223.099682,1,2231,100,619000100,1
223.199270,1,2232,100,619000100,1
223.299464,1,2233,100,619000100,1
223.399740,1,2234,100,619000100,1
223.499558,1,2235,100,619000100,1
223.600315,1,2236,100,619000100,1
223.699785,1,2237,100,619060000,1
223.799620,1,2238,100,619100100,1
223.899483,1,2239,100,619100100,1
223.999468,1,2240,100,619100100,1
224.099484,1,2241,100,619100100,1
224.199618,1,2242,100,619100100,1
224.299777,1,2243,100,619100100,1
224.399614,1,2244,100,619100100,1
224.499526,1,2245,100,619100100,1
224.599886,1,2246,100,619100100,1
224.699343,1,2247,100,619100100,1
224.799487,1,2248,100,619100100,1
224.899423,1,2249,100,619100100,1
224.999643,1,2250,100,619100100,1
225.099530,1,2251,100,619100100,1
225.199446,1,2252,100,619098100,1
225.299747,1,2253,100,619060000,1
225.399702,1,2254,100,619060000,1
225.499477,1,2255,100,619060000,1
225.599557,1,2256,100,619060000,1
225.699554,1,2257,100,619060000,1
225.799615,1,2258,100,619060000,1
225.899492,1,2259,100,619060000,1
225.999482,1,2260,100,619060000,1
226.100212,1,2261,100,619060000,1
226.199495,1,2262,100,619060000,1
226.299455,1,2263,100,619060000,1
226.400350,1,2264,100,619060000,1
226.499724,1,2265,100,619060000,1
226.599633,1,2266,100,619060000,1
226.699724,1,2267,100,619060000,1
226.799868,1,2268,100,619098100,1
226.899808,1,2269,100,619098100,1
226.999615,1,2270,100,619098100,1
227.099499,1,2271,100,619098100,1
227.199524,1,2272,100,619098100,1
227.299759,1,2273,100,619098100,1
227.399618,1,2274,100,619098100,1
227.499631,1,2275,100,619098100,1
227.599486,1,2276,100,619098100,1
227.699711,1,2277,100,619098100,1
227.799688,1,2278,100,619098100,1
227.899767,1,2279,100,619098100,1
227.999699,1,2280,100,619098100,1
228.099508,1,2281,100,619098100,1
228.199516,1,2282,100,619098100,1
228.299644,1,2283,100,619098100,1
228.399734,1,2284,100,619098100,1
228.500201,1,2285,100,619098100,1
228.601287,1,2286,100,619098100,1
228.699332,1,2287,100,619098100,1
228.799526,1,2288,100,619098100,1
228.900051,1,2289,100,619098100,1
228.999412,1,2290,100,619098100,1
229.099441,1,2291,100,619098100,1
229.199379,1,2292,100,619098100,1
229.299397,1,2293,100,619098100,1
229.400206,1,2294,100,619098100,1
229.499699,1,2295,100,619098100,1
229.599925,1,2296,100,619060000,1
229.699497,1,2297,100,619060000,1
229.799579,1,2298,100,619060000,1
229.901568,1,2299,100,619060000,1
229.999774,1,2300,100,619060000,1
230.099546,1,2301,100,619060000,1
230.199301,1,2302,100,619060000,1
230.299379,1,2303,100,619060000,1
230.399581,1,2304,100,619060000,1
230.499493,1,2305,100,619060000,1
230.599935,1,2306,100,619060000,1
230.701104,1,2307,100,619060000,1
230.799808,1,2308,100,619060000,1
230.901212,1,2309,100,619060000,1
231.001154,1,2310,100,619041100,1
231.099484,1,2311,100,619041100,1
231.199409,1,2312,100,619041100,1
231.300089,1,2313,100,619060000,1
231.400238,1,2314,100,619080200,1
231.499552,1,2315,100,619080200,1
231.602821,1,2316,100,619064800,1
231.699981,1,2317,100,619033900,1
231.800073,1,2318,100,619033900,1
231.900927,1,2319,100,619033900,1
231.999854,1,2320,100,619033900,1
232.099619,1,2321,100,619033900,1
232.200369,1,2322,100,619033900,1
232.299519,1,2323,100,619033900,1
232.399365,1,2324,100,619000100,1
232.499371,1,2325,100,619000100,1
232.599391,1,2326,100,619000100,1
232.699360,1,2327,100,619000100,1
232.799636,1,2328,100,619000100,1
232.899723,1,2329,100,619000100,1
232.999505,1,2330,100,619000100,1
233.099712,1,2331,100,619000100,1
233.199702,1,2332,100,619000100,1
233.301254,1,2333,100,619000100,1
233.399521,1,2334,100,619000100,1
233.499726,1,2335,100,619000100,1
233.606090,1,2336,100,619012800,1
233.700105,1,2337,100,619064800,1
233.799436,1,2338,100,619064800,1
233.908437,1,2339,100,619064800,1
234.000791,1,2340,100,619064800,1
234.099636,1,2341,100,619064800,1
234.201219,1,2342,100,619080200,1
234.300292,1,2343,100,619120000,1
234.401920,1,2344,100,619180000,1
234.500225,1,2345,100,619240000,1
234.601601,1,2346,100,619240000,1
234.699308,1,2347,100,619240000,1
234.799585,1,2348,100,619240000,1
234.900084,1,2349,100,619240000,1
234.999439,1,2350,100,619240000,1
235.099389,1,2351,100,619240000,1
235.199384,1,2352,100,619240000,1
235.300371,1,2353,100,619240000,1
235.399571,1,2354,100,619240000,1
235.499631,1,2355,100,619240000,1
235.600379,1,2356,100,619240000,1
235.699423,1,2357,100,619240000,1
235.799942,1,2358,100,619240000,1
235.899367,1,2359,100,619240000,1
235.999569,1,2360,100,619240000,1
236.100166,1,2361,100,619240000,1
236.199528,1,2362,100,619240000,1
236.299548,1,2363,100,619240000,1
236.401224,1,2364,100,619187500,1
236.499710,1,2365,100,619142700,1
236.599602,1,2366,100,619142700,1
236.700276,1,2367,100,619119000,1
236.799851,1,2368,100,619119000,1
236.899656,1,2369,100,619119000,1
236.999807,1,2370,100,619119000,1
237.100991,1,2371,100,619119000,1
237.199635,1,2372,100,619119000,1
237.299826,1,2373,100,619119000,1
237.399812,1,2374,100,619119000,1
237.499398,1,2375,100,619119000,1
237.600930,1,2376,100,619085600,1
237.699505,1,2377,100,619080700,1
237.799528,1,2378,100,619080700,1
237.899359,1,2379,100,619080700,1
237.999462,1,2380,100,619070100,1
238.099403,1,2381,100,619060100,1
238.199997,1,2382,100,619060100,1
238.299733,1,2383,100,619000100,1
238.401760,1,2384,100,618920100,1
238.499906,1,2385,100,618865800,1
238.601774,1,2386,100,618833600,1
238.699621,1,2387,100,618760100,1
238.800347,1,2388,100,618740100,1
238.899554,1,2389,100,618720100,1
239.007619,1,2390,100,618720000,1
239.099432,1,2391,100,618700100,1
239.199566,1,2392,100,618700100,1
239.299514,1,2393,100,618700100,1
239.399430,1,2394,100,618700100,1
239.500212,1,2395,100,618700100,1
239.601335,1,2396,100,618700100,1
239.699983,1,2397,100,618700100,1
239.799693,1,2398,100,618700100,1
239.899483,1,2399,100,618700100,1
239.999708,1,2400,100,618700100,1
240.099873,1,2401,100,618700100,1
240.199618,1,2402,100,618700100,1
240.299640,1,2403,100,618700100,1
240.399497,1,2404,100,618700100,1
240.499488,1,2405,100,618700100,1
240.601149,1,2406,100,618700100,1
240.699662,1,2407,100,618755100,1
240.799577,1,2408,100,618755100,1
240.899555,1,2409,100,618755100,1
240.999556,1,2410,100,618784300,1
241.100903,1,2411,100,618863900,1
241.199585,1,2412,100,618863900,1
241.299770,1,2413,100,618880000,1
241.400412,1,2414,100,618880000,1
241.499601,1,2415,100,618880000,1
241.601224,1,2416,100,618880000,1
241.699510,1,2417,100,618880000,1
241.799917,1,2418,100,618880000,1
241.902683,1,2419,100,618912000,1
242.000265,1,2420,100,618912000,1
242.100743,1,2421,100,618940000,1
242.202903,1,2422,100,618940000,1
242.299469,1,2423,100,618940000,1
242.402789,1,2424,100,618940000,1
242.499856,1,2425,100,618940000,1
242.603412,1,2426,100,618999800,1
242.707011,1,2427,100,618999800,1
242.799595,1,2428,100,618999800,1
242.907823,1,2429,100,618999800,1
243.002259,1,2430,100,618999800,1
243.099441,1,2431,100,618999800,1
243.200134,1,2432,100,618999800,1
243.300465,1,2433,100,618999800,1
243.399952,1,2434,100,618999800,1
243.499887,1,2435,100,618999800,1
243.599921,1,2436,100,618999800,1
243.699733,1,2437,100,618999800,1
243.799641,1,2438,100,618999800,1
243.900383,1,2439,100,618999800,1
243.999595,1,2440,100,618999800,1
244.100262,1,2441,100,618999800,1
244.199404,1,2442,100,618999800,1
244.299416,1,2443,100,618999800,1
244.399385,1,2444,100,618999800,1
244.499409,1,2445,100,618999800,1
244.599672,1,2446,100,618999800,1
244.700276,1,2447,100,618999800,1
244.799553,1,2448,100,618999800,1
244.899593,1,2449,100,618999800,1
244.999397,1,2450,100,618999800,1
245.100877,1,2451,100,618999800,1
245.212975,1,2452,100,618999800,1
245.300413,1,2453,100,618999800,1
245.399549,1,2454,100,618999800,1
245.499583,1,2455,100,618999800,1
245.599588,1,2456,100,618999800,1
245.699501,1,2457,100,619014000,1
245.801250,1,2458,100,619014000,1
245.899493,1,2459,100,619014000,1
246.001939,1,2460,100,619014000,1
246.099428,1,2461,100,619014000,1
246.199539,1,2462,100,619014000,1
246.306107,1,2463,100,619014000,1
246.399975,1,2464,100,619014000,1
246.499464,1,2465,100,619014000,1
246.600098,1,2466,100,619014000,1
246.702843,1,2467,100,619014000,1
246.800170,1,2468,100,619014000,1
246.901624,1,2469,100,619014000,1
247.000010,1,2470,100,619012900,1
247.099566,1,2471,100,619012900,1
247.199593,1,2472,100,619012900,1
247.299473,1,2473,100,619012900,1
247.399320,1,2474,100,619012900,1
247.499834,1,2475,100,619012900,1
247.603987,1,2476,100,618912000,1
247.699615,1,2477,100,618880900,1
247.799428,1,2478,100,618880900,1
247.899629,1,2479,100,618880900,1
247.999456,1,2480,100,618880900,1
248.099619,1,2481,100,618880900,1
248.199778,1,2482,100,618880900,1
248.299592,1,2483,100,618880900,1
248.399397,1,2484,100,618880900,1
248.499548,1,2485,100,618880900,1
248.604937,1,2486,100,618784300,1
248.699662,1,2487,100,618745800,1
248.799497,1,2488,100,618740100,1
248.899643,1,2489,100,618700100,1
249.000780,1,2490,100,618700100,1
249.101665,1,2491,100,618633700,1
249.199573,1,2492,100,618633700,1
249.299415,1,2493,100,618728800,1
249.399768,1,2494,100,618728800,1
249.499471,1,2495,100,618728800,1
249.603061,1,2496,100,618728800,1
249.700308,1,2497,100,618728800,1
249.800077,1,2498,100,618728800,1
249.900086,1,2499,100,618728800,1
250.005357,1,2500,100,618728800,1
250.102076,1,2501,100,618715700,1
250.200168,1,2502,100,618667200,1
250.300194,1,2503,100,618667200,1
250.400045,1,2504,100,618667200,1
250.500910,1,2505,100,618667200,1
250.599729,1,2506,100,618667200,1
250.699659,1,2507,100,618667200,1
250.799521,1,2508,100,618667200,1
250.899462,1,2509,100,618667200,1
250.999713,1,2510,100,618667200,1
251.101147,1,2511,100,618667200,1
251.199648,1,2512,100,618667200,1
251.299485,1,2513,100,618667200,1
251.402507,1,2514,100,618667200,1
251.509470,1,2515,100,618600000,1
251.601050,1,2516,100,618580100,1
251.704555,1,2517,100,618578800,1
251.799602,1,2518,100,618578800,1
251.899864,1,2519,100,618560100,1
251.999643,1,2520,100,618560100,1
252.099665,1,2521,100,618560100,1
252.200060,1,2522,100,618560100,1
252.299504,1,2523,100,618560000,1
252.399558,1,2524,100,618560000,1
252.500226,1,2525,100,618560000,1
252.602156,1,2526,100,618560000,1
252.700084,1,2527,100,618649400,1
252.799579,1,2528,100,618649400,1
252.899942,1,2529,100,618649400,1
253.000243,1,2530,100,618649400,1
253.099919,1,2531,100,618649400,1
253.199592,1,2532,100,618649400,1
253.299828,1,2533,100,618649400,1
253.399606,1,2534,100,618649400,1
253.499689,1,2535,100,618649400,1
253.600034,1,2536,100,618649400,1
253.699815,1,2537,100,618649400,1
253.799668,1,2538,100,618649400,1
253.899695,1,2539,100,618649400,1
254.005055,1,2540,100,618649400,1
254.099324,1,2541,100,618649400,1
254.202234,1,2542,100,618649400,1
254.299530,1,2543,100,618649400,1
254.399674,1,2544,100,618649400,1
254.505927,1,2545,100,618649400,1
254.599575,1,2546,100,618649400,1
254.699879,1,2547,100,618649400,1
254.799558,1,2548,100,618649400,1
254.900227,1,2549,100,618649400,1
254.999402,1,2550,100,618649400,1
255.099793,1,2551,100,618649400,1
255.199333,1,2552,100,618649400,1
255.299525,1,2553,100,618600100,1
255.399553,1,2554,100,618531800,1
255.499702,1,2555,100,618531800,1
255.599818,1,2556,100,618531800,1
255.699658,1,2557,100,618531800,1
255.799750,1,2558,100,618531800,1
255.899614,1,2559,100,618531800,1
255.999362,1,2560,100,618531800,1
256.099920,1,2561,100,618531800,1
256.199653,1,2562,100,618564800,1
256.299574,1,2563,100,618564800,1
256.399833,1,2564,100,618564800,1
256.499705,1,2565,100,618564800,1
256.600869,1,2566,100,618564800,1
256.699572,1,2567,100,618564800,1
256.800054,1,2568,100,618564800,1
256.899531,1,2569,100,618564800,1
256.999912,1,2570,100,618564800,1
257.100852,1,2571,100,618564800,1
257.199442,1,2572,100,618564800,1
257.299736,1,2573,100,618564800,1
257.399457,1,2574,100,618564800,1
257.504782,1,2575,100,618564800,1
257.604310,1,2576,100,618541300,1
257.700229,1,2577,100,618541300,1
257.799575,1,2578,100,618541300,1
257.899536,1,2579,100,618541300,1
258.002182,1,2580,100,618520100,1
258.099549,1,2581,100,618500100,1
258.200892,1,2582,100,618500100,1
258.300611,1,2583,100,618500100,1
258.399502,1,2584,100,618500100,1
258.499592,1,2585,100,618500100,1
258.600228,1,2586,100,618500100,1
258.699756,1,2587,100,618500100,1
258.800318,1,2588,100,618500100,1
258.899984,1,2589,100,618467400,1
259.000221,1,2590,100,618460100,1
259.099895,1,2591,100,618460100,1
259.199547,1,2592,100,618460100,1
259.299782,1,2593,100,618460100,1
259.399583,1,2594,100,618460100,1
259.499860,1,2595,100,618460100,1
259.600723,1,2596,100,618460100,1
259.699421,1,2597,100,618460100,1
259.799661,1,2598,100,618450500,1
259.900332,1,2599,100,618450500,1
259.999846,1,2600,100,618450500,1
260.100238,1,2601,100,618450500,1
260.199627,1,2602,100,618450500,1
260.299654,1,2603,100,618450500,1
260.399799,1,2604,100,618448000,1
260.500026,1,2605,100,618448000,1
260.600092,1,2606,100,618448000,1
260.699608,1,2607,100,618448000,1
260.799539,1,2608,100,618448000,1
260.899554,1,2609,100,618448000,1
260.999799,1,2610,100,618448000,1
261.099409,1,2611,100,618448000,1
261.199479,1,2612,100,618448000,1
261.299509,1,2613,100,618448000,1
261.400799,1,2614,100,618448000,1
261.501362,1,2615,100,618448000,1
261.599875,1,2616,100,618448000,1
261.699808,1,2617,100,618448000,1
261.802273,1,2618,100,618448000,1
261.899405,1,2619,100,618448000,1
261.999816,1,2620,100,618440100,1
262.099476,1,2621,100,618440100,1
262.199577,1,2622,100,618440100,1
262.301075,1,2623,100,618440100,1
262.399603,1,2624,100,618420100,1
262.502308,1,2625,100,618380200,1
262.601214,1,2626,100,618320100,1
262.716187,1,2627,100,618260100,1
262.861103,1,2628,100,618140100,1
262.953164,1,2629,100,618140100,1
263.023792,1,2630,100,618156100,1
263.101932,1,2631,100,618160100,1
263.200198,1,2632,100,618213400,1
263.299578,1,2633,100,618220000,1
263.399428,1,2634,100,618220000,1
263.500202,1,2635,100,618259500,1
263.603584,1,2636,100,618260000,1
263.702047,1,2637,100,618260000,1
263.799972,1,2638,100,618260000,1
263.906652,1,2639,100,618305400,1
264.010206,1,2640,100,618320000,1
264.099778,1,2641,100,618330900,1
264.201768,1,2642,100,618404500,1
264.299774,1,2643,100,618404500,1
264.399438,1,2644,100,618404500,1
264.499573,1,2645,100,618404500,1
264.622316,1,2646,100,618404500,1
264.699874,1,2647,100,618344900,1
264.799710,1,2648,100,618298100,1
264.899744,1,2649,100,618259500,1
264.999775,1,2650,100,618259400,1
265.099524,1,2651,100,618213500,1
265.199721,1,2652,100,618213500,1
265.313877,1,2653,100,618140100,1
265.399497,1,2654,100,618140100,1
265.500380,1,2655,100,618080100,1
265.606476,1,2656,100,618000100,1
265.699540,1,2657,100,618000100,1
265.799655,1,2658,100,618000100,1
265.899708,1,2659,100,618000100,1
265.999568,1,2660,100,618000100,1
266.099769,1,2661,100,618000100,1
266.199599,1,2662,100,618000100,1
266.299962,1,2663,100,618000100,1
266.400350,1,2664,100,618000100,1
266.500239,1,2665,100,618000100,1
266.603845,1,2666,100,618000100,1
266.712052,1,2667,100,618000100,1
266.800092,1,2668,100,618000100,1
266.899578,1,2669,100,618000100,1
267.000422,1,2670,100,618000100,1
267.099955,1,2671,100,618000100,1
267.199535,1,2672,100,618000100,1
267.299905,1,2673,100,618000100,1
267.399643,1,2674,100,618000100,1
267.499896,1,2675,100,618000100,1
267.601747,1,2676,100,618000100,1
267.699587,1,2677,100,617960100,1
267.799522,1,2678,100,617940100,1
267.899576,1,2679,100,617940100,1
267.999484,1,2680,100,617940100,1
268.099865,1,2681,100,617940100,1
268.200841,1,2682,100,617940100,1
268.301292,1,2683,100,618001900,1
268.401244,1,2684,100,618048000,1
268.499649,1,2685,100,618048000,1
268.600018,1,2686,100,618048000,1
268.701050,1,2687,100,618080100,1
268.801171,1,2688,100,618080100,1
268.899463,1,2689,100,618080100,1
268.999620,1,2690,100,618080100,1
269.102887,1,2691,100,618080100,1
269.199774,1,2692,100,618080100,1
269.304167,1,2693,100,618080100,1
269.399580,1,2694,100,618034700,1
269.499648,1,2695,100,618034700,1
269.599677,1,2696,100,618034600,1
269.699625,1,2697,100,618034600,1
269.799385,1,2698,100,618034600,1
269.899457,1,2699,100,618034600,1
269.999581,1,2700,100,618000100,1
270.099469,1,2701,100,618000100,1
270.203153,1,2702,100,618000100,1
270.299445,1,2703,100,618000100,1
270.424856,1,2704,100,617783200,1
270.509480,1,2705,100,617720100,1
270.601994,1,2706,100,617622200,1
270.699706,1,2707,100,617737400,1
270.800634,1,2708,100,617737400,1
270.899515,1,2709,100,617737400,1
271.000776,1,2710,100,617737300,1
271.099956,1,2711,100,617737300,1
271.199736,1,2712,100,617737300,1
271.301273,1,2713,100,617737300,1
271.404336,1,2714,100,617737300,1
271.500918,1,2715,100,617737300,1
271.601078,1,2716,100,617737300,1
271.705527,1,2717,100,617737300,1
271.799671,1,2718,100,617782200,1
271.899507,1,2719,100,617782200,1
272.000025,1,2720,100,617786800,1
272.099946,1,2721,100,617848600,1
272.200543,1,2722,100,617848600,1
272.300225,1,2723,100,617848600,1
272.399395,1,2724,100,617908600,1
272.500936,1,2725,100,617908600,1
272.600094,1,2726,100,617908600,1
272.700031,1,2727,100,617908600,1
272.799530,1,2728,100,617908600,1
272.899632,1,2729,100,617908600,1
272.999627,1,2730,100,617908600,1
273.100206,1,2731,100,617908600,1
273.199380,1,2732,100,617908600,1
273.299467,1,2733,100,617908600,1
273.400049,1,2734,100,617908600,1
273.499675,1,2735,100,617908600,1
273.603645,1,2736,100,617955900,1
273.705604,1,2737,100,618014300,1
273.799584,1,2738,100,618014300,1
273.899650,1,2739,100,618020000,1
274.000284,1,2740,100,618030500,1
274.099555,1,2741,100,618032200,1
274.200288,1,2742,100,618032200,1
274.299839,1,2743,100,618032200,1
274.400027,1,2744,100,618065900,1
274.499714,1,2745,100,618065900,1
274.600683,1,2746,100,618065900,1
274.702519,1,2747,100,618065900,1
274.799742,1,2748,100,618065900,1
274.900266,1,2749,100,618065900,1
275.002215,1,2750,100,618065900,1
275.099949,1,2751,100,617918600,1
275.199724,1,2752,100,617918600,1
275.304305,1,2753,100,617918600,1
275.399705,1,2754,100,617918600,1
275.499515,1,2755,100,617918600,1
275.601430,1,2756,100,617918600,1
275.699622,1,2757,100,617918600,1
275.799657,1,2758,100,617918600,1
275.899748,1,2759,100,617918600,1
275.999562,1,2760,100,617918600,1
276.102297,1,2761,100,617918600,1
276.200006,1,2762,100,617918600,1
276.299553,1,2763,100,617918600,1
276.403392,1,2764,100,617918600,1
276.517287,1,2765,100,617918600,1
276.609293,1,2766,100,617918600,1
276.699311,1,2767,100,617918600,1
276.802114,1,2768,100,617918600,1
276.899989,1,2769,100,617918600,1
277.016243,1,2770,100,617918600,1
277.099595,1,2771,100,617819800,1
277.201963,1,2772,100,617796700,1
277.299482,1,2773,100,617796700,1
277.399817,1,2774,100,617759800,1
277.503219,1,2775,100,617759800,1
277.604646,1,2776,100,617721900,1
277.699633,1,2777,100,617721900,1
277.800269,1,2778,100,617721900,1
277.905630,1,2779,100,617721900,1
277.999506,1,2780,100,617721900,1
278.099432,1,2781,100,617721900,1
278.199567,1,2782,100,617721900,1
278.299459,1,2783,100,617721900,1
278.399499,1,2784,100,617721900,1
278.499670,1,2785,100,617721900,1
278.599781,1,2786,100,617721900,1
278.699537,1,2787,100,617721900,1
278.799515,1,2788,100,617721900,1
278.899453,1,2789,100,617721900,1
278.999426,1,2790,100,617721900,1
279.099885,1,2791,100,617721900,1
279.200245,1,2792,100,617721900,1
279.299509,1,2793,100,617721900,1
279.399727,1,2794,100,617721900,1
279.500929,1,2795,100,617721900,1
279.599916,1,2796,100,617721900,1
279.699513,1,2797,100,617721900,1
279.799500,1,2798,100,617721900,1
279.899568,1,2799,100,617721900,1
280.238135,1,2800,100,617720100,1
280.238250,1,2801,100,617700100,1
280.238350,1,2802,100,617660100,1
280.339085,1,2803,100,617640100,1
280.399692,1,2804,100,617640000,1
280.499676,1,2805,100,617640000,1
280.603438,1,2806,100,617600100,1
280.700224,1,2807,100,617580100,1
280.799488,1,2808,100,617580100,1
280.899450,1,2809,100,617580100,1
280.999506,1,2810,100,617580100,1
281.099544,1,2811,100,617580100,1
281.199632,1,2812,100,617580100,1
281.309157,1,2813,100,617560100,1
281.405548,1,2814,100,617535100,1
281.499614,1,2815,100,617534400,1
281.600732,1,2816,100,617534400,1
281.699588,1,2817,100,617534400,1
281.799411,1,2818,100,617534400,1
281.899568,1,2819,100,617534400,1
281.999738,1,2820,100,617534400,1
282.099347,1,2821,100,617534400,1
282.199590,1,2822,100,617534400,1
282.299447,1,2823,100,617534400,1
282.399411,1,2824,100,617534400,1
282.499697,1,2825,100,617534400,1
282.600191,1,2826,100,617534400,1
282.699753,1,2827,100,617534400,1
282.799559,1,2828,100,617534400,1
282.899691,1,2829,100,617534400,1
282.999457,1,2830,100,617534400,1
283.099842,1,2831,100,617534400,1
283.207457,1,2832,100,617534400,1
283.299785,1,2833,100,617534400,1
283.399638,1,2834,100,617534400,1
283.499622,1,2835,100,617534400,1
283.599403,1,2836,100,617534400,1
283.699651,1,2837,100,617534400,1
283.799524,1,2838,100,617534400,1
283.901487,1,2839,100,617534400,1
284.005113,1,2840,100,617500000,1
284.100395,1,2841,100,617420200,1
284.199826,1,2842,100,617420200,1
284.299518,1,2843,100,617420200,1
284.399601,1,2844,100,617420200,1
284.503604,1,2845,100,617342900,1
284.640055,1,2846,100,617220000,1
284.721654,1,2847,100,617222200,1
284.799772,1,2848,100,617285400,1
284.899709,1,2849,100,617285400,1
284.999466,1,2850,100,617285400,1
285.099787,1,2851,100,617285400,1
285.199497,1,2852,100,617285400,1
285.299515,1,2853,100,617285400,1
285.399516,1,2854,100,617285400,1
285.500516,1,2855,100,617285400,1
285.601752,1,2856,100,617285400,1
285.705855,1,2857,100,617323900,1
285.799717,1,2858,100,617353000,1
285.900131,1,2859,100,617439900,1
286.000229,1,2860,100,617439900,1
286.099486,1,2861,100,617439900,1
286.200229,1,2862,100,617439900,1
286.311297,1,2863,100,617439900,1
286.400249,1,2864,100,617439900,1
286.499495,1,2865,100,617439900,1
286.599952,1,2866,100,617439900,1
286.700232,1,2867,100,617409800,1
286.800340,1,2868,100,617409800,1
286.901498,1,2869,100,617409800,1
287.001210,1,2870,100,617409800,1
287.100055,1,2871,100,617409800,1
287.199500,1,2872,100,617390100,1
287.300967,1,2873,100,617390100,1
287.402506,1,2874,100,617393100,1
287.500210,1,2875,100,617409800,1
287.599828,1,2876,100,617500000,1
287.699503,1,2877,100,617534400,1
287.801604,1,2878,100,617534400,1
287.899682,1,2879,100,617534400,1
287.999635,1,2880,100,617534400,1
288.099858,1,2881,100,617534400,1
288.201274,1,2882,100,617534400,1
288.301070,1,2883,100,617534400,1
288.399506,1,2884,100,617534400,1
288.502157,1,2885,100,617534400,1
288.604273,1,2886,100,617509200,1
288.699531,1,2887,100,617509200,1
288.799525,1,2888,100,617500000,1
288.899526,1,2889,100,617410000,1
288.999537,1,2890,100,617423600,1
289.102492,1,2891,100,617432100,1
289.205588,1,2892,100,617475600,1
289.299947,1,2893,100,617475600,1
289.400250,1,2894,100,617500000,1
289.499706,1,2895,100,617500000,1
289.600026,1,2896,100,617500000,1
289.699774,1,2897,100,617500000,1
289.799676,1,2898,100,617534400,1
289.899548,1,2899,100,617534400,1
289.999578,1,2900,100,617534400,1
290.099525,1,2901,100,617534400,1
290.199384,1,2902,100,617534400,1
290.299703,1,2903,100,617534400,1
290.399359,1,2904,100,617534400,1
290.499720,1,2905,100,617500000,1
290.599698,1,2906,100,617500000,1
290.699738,1,2907,100,617500000,1
290.799359,1,2908,100,617500000,1
290.910186,1,2909,100,617400800,1
291.009303,1,2910,100,617382300,1
291.099834,1,2911,100,617382300,1
291.199773,1,2912,100,617382300,1
291.300460,1,2913,100,617417700,1
291.399729,1,2914,100,617417700,1
291.499603,1,2915,100,617449400,1
291.600736,1,2916,100,617449500,1
291.699655,1,2917,100,617467200,1
291.801608,1,2918,100,617519900,1
291.900839,1,2919,100,617577800,1
291.999537,1,2920,100,617577800,1
292.099646,1,2921,100,617607900,1
292.199851,1,2922,100,617620000,1
292.301220,1,2923,100,617620000,1
292.400066,1,2924,100,617620000,1
292.499550,1,2925,100,617620000,1
292.600444,1,2926,100,617620000,1
292.699514,1,2927,100,617620000,1
292.799819,1,2928,100,617620000,1
292.899965,1,2929,100,617620000,1
293.000622,1,2930,100,617657900,1
293.104856,1,2931,100,617657900,1
293.208149,1,2932,100,617704900,1
293.299573,1,2933,100,617704900,1
293.399660,1,2934,100,617704900,1
293.499626,1,2935,100,617685300,1
293.602468,1,2936,100,617685300,1
293.699793,1,2937,100,617685300,1
293.804675,1,2938,100,617685300,1
293.899470,1,2939,100,617685300,1
293.999552,1,2940,100,617685300,1
294.099566,1,2941,100,617685300,1
294.199737,1,2942,100,617685300,1
294.299459,1,2943,100,617685300,1
294.399700,1,2944,100,617685300,1
294.499846,1,2945,100,617685300,1
294.599643,1,2946,100,617726400,1
294.699361,1,2947,100,617726400,1
294.804298,1,2948,100,617726400,1
294.899558,1,2949,100,617726400,1
294.999642,1,2950,100,617726400,1
295.099530,1,2951,100,617726400,1
295.199752,1,2952,100,617726400,1
295.300942,1,2953,100,617726400,1
295.399979,1,2954,100,617685300,1
295.501964,1,2955,100,617636000,1
295.607247,1,2956,100,617573800,1
295.707335,1,2957,100,617553400,1
295.801656,1,2958,100,617553400,1
295.899801,1,2959,100,617553400,1
296.243563,1,2960,100,617553400,1
296.243677,1,2961,100,617553400,1
296.243768,1,2962,100,617553400,1
296.342669,1,2963,100,617552600,1
296.399541,1,2964,100,617552600,1
296.499643,1,2965,100,617552600,1
296.603109,1,2966,100,617552600,1
296.699342,1,2967,100,617552600,1
296.799632,1,2968,100,617552600,1
296.899817,1,2969,100,617552600,1
296.999591,1,2970,100,617552600,1
297.099725,1,2971,100,617552600,1
297.205117,1,2972,100,617552600,1
297.299881,1,2973,100,617552600,1
297.399606,1,2974,100,617545200,1
297.499565,1,2975,100,617520100,1
297.599824,1,2976,100,617520100,1
297.699457,1,2977,100,617545100,1
297.799536,1,2978,100,617572900,1
297.899409,1,2979,100,617572900,1
297.999330,1,2980,100,617572900,1
298.099483,1,2981,100,617572900,1
298.199572,1,2982,100,617572900,1
298.299367,1,2983,100,617572900,1
298.399604,1,2984,100,617549000,1
298.499523,1,2985,100,617494700,1
298.602574,1,2986,100,617494700,1
298.699889,1,2987,100,617494700,1
298.799832,1,2988,100,617494700,1
298.900508,1,2989,100,617494700,1
298.999707,1,2990,100,617467400,1
299.099844,1,2991,100,617467400,1
299.201726,1,2992,100,617467400,1
299.299626,1,2993,100,617532700,1
299.399552,1,2994,100,617532700,1
299.499808,1,2995,100,617532700,1
299.600513,1,2996,100,617532700,1
299.701262,1,2997,100,617532700,1
299.799483,1,2998,100,617532700,1
299.899784,1,2999,100,617532700,1
299.999586,1,3000,100,617532700,1
300.099484,1,3001,100,617522900,1
300.199620,1,3002,100,617496300,1
300.299449,1,3003,100,617496300,1
300.399416,1,3004,100,617496300,1
300.499904,1,3005,100,617496300,1
300.600067,1,3006,100,617496300,1
300.700764,1,3007,100,617496300,1
300.799468,1,3008,100,617496300,1
300.899621,1,3009,100,617496300,1
300.999913,1,3010,100,617496300,1
301.100558,1,3011,100,617496300,1
301.199684,1,3012,100,617496300,1
301.299440,1,3013,100,617496300,1
301.400237,1,3014,100,617496300,1
301.503899,1,3015,100,617386200,1
301.617199,1,3016,100,617326800,1
301.699404,1,3017,100,617326800,1
301.799654,1,3018,100,617326800,1
301.912193,1,3019,100,617248200,1
301.999892,1,3020,100,617232100,1
302.099500,1,3021,100,617220100,1
302.200139,1,3022,100,617220100,1
302.299905,1,3023,100,617200100,1
302.401277,1,3024,100,617200100,1
302.499791,1,3025,100,617200100,1
302.607625,1,3026,100,617180100,1
302.699912,1,3027,100,617180100,1
302.799719,1,3028,100,617180100,1
302.899426,1,3029,100,617180100,1
302.999847,1,3030,100,617180100,1
303.104469,1,3031,100,617154700,1
303.202175,1,3032,100,617086900,1
303.299571,1,3033,100,617086900,1
303.400166,1,3034,100,617080100,1
303.504831,1,3035,100,617047600,1
303.605014,1,3036,100,617000100,1
303.702358,1,3037,100,617000100,1
303.799950,1,3038,100,617000100,1
303.899416,1,3039,100,617000100,1
304.002833,1,3040,100,616960100,1
304.117297,1,3041,100,616880100,1
304.221808,1,3042,100,616762300,1
304.299686,1,3043,100,616762300,1
304.400180,1,3044,100,616762300,1
304.499566,1,3045,100,616762300,1
304.603863,1,3046,100,616762300,1
304.699469,1,3047,100,616762300,1
304.838177,1,3048,100,616660100,1
304.984059,1,3049,100,616650400,1
305.048489,1,3050,100,616638800,1
305.107432,1,3051,100,616631000,1
305.199663,1,3052,100,616631000,1
305.300032,1,3053,100,616631000,1
305.399863,1,3054,100,616631000,1
305.499648,1,3055,100,616560500,1
305.605930,1,3056,100,616547600,1
305.704038,1,3057,100,616540100,1
305.799833,1,3058,100,616525600,1
305.899687,1,3059,100,616500100,1
306.001223,1,3060,100,616438500,1
306.099763,1,3061,100,616438500,1
306.200262,1,3062,100,616438500,1
306.300897,1,3063,100,616374200,1
306.400440,1,3064,100,616372200,1
306.500684,1,3065,100,616372200,1
306.603338,1,3066,100,616372200,1
306.700225,1,3067,100,616340100,1
306.799736,1,3068,100,616340200,1
306.900624,1,3069,100,616360000,1
306.999488,1,3070,100,616360000,1
307.099636,1,3071,100,616360000,1
307.199680,1,3072,100,616360000,1
307.301402,1,3073,100,616250600,1
307.399554,1,3074,100,616250600,1
307.499653,1,3075,100,616250600,1
307.602093,1,3076,100,616250600,1
307.700062,1,3077,100,616306500,1
307.800002,1,3078,100,616359900,1
307.899565,1,3079,100,616351600,1
307.999689,1,3080,100,616351600,1
308.100225,1,3081,100,616359900,1
308.200034,1,3082,100,616359900,1
308.305565,1,3083,100,616359900,1
308.399673,1,3084,100,616372200,1
308.500700,1,3085,100,616483400,1
308.604613,1,3086,100,616483400,1
308.699836,1,3087,100,616496800,1
308.799745,1,3088,100,616520000,1
308.899401,1,3089,100,616520000,1
308.999477,1,3090,100,616520000,1
309.099572,1,3091,100,616520000,1
309.199819,1,3092,100,616468000,1
309.299557,1,3093,100,616508700,1
309.399740,1,3094,100,616508700,1
309.499437,1,3095,100,616502700,1
309.601896,1,3096,100,616502700,1
309.699499,1,3097,100,616508700,1
309.799426,1,3098,100,616508700,1
309.899684,1,3099,100,616508700,1
309.999415,1,3100,100,616560000,1
310.099342,1,3101,100,616580000,1
310.199626,1,3102,100,616650400,1
310.299859,1,3103,100,616650400,1
310.403591,1,3104,100,616650400,1
310.499813,1,3105,100,616650500,1
310.599697,1,3106,100,616650500,1
310.702140,1,3107,100,616650500,1
310.799908,1,3108,100,616650500,1
310.900010,1,3109,100,616558100,1
310.999641,1,3110,100,616558100,1
311.099567,1,3111,100,616543500,1
311.199276,1,3112,100,616543500,1
311.299582,1,3113,100,616543500,1
311.400332,1,3114,100,616514300,1
311.499810,1,3115,100,616411800,1
311.600797,1,3116,100,616450200,1
311.705748,1,3117,100,616457000,1
311.800141,1,3118,100,616558100,1
311.900523,1,3119,100,616608700,1
311.999796,1,3120,100,616608700,1
312.099607,1,3121,100,616626100,1
312.199428,1,3122,100,616640000,1
312.299747,1,3123,100,616640000,1
312.399346,1,3124,100,616640000,1
312.504530,1,3125,100,616674700,1
312.608967,1,3126,100,616732100,1
312.700462,1,3127,100,616780000,1
312.799635,1,3128,100,616780000,1
312.901999,1,3129,100,616780000,1
312.999565,1,3130,100,616780000,1
313.099345,1,3131,100,616780000,1
313.199677,1,3132,100,616780000,1
313.299567,1,3133,100,616780000,1
313.399456,1,3134,100,616780000,1
313.499554,1,3135,100,616740000,1
313.601713,1,3136,100,616740000,1
313.699468,1,3137,100,616740000,1
313.799454,1,3138,100,616740000,1
313.906022,1,3139,100,616732100,1
313.999679,1,3140,100,616732100,1
314.099544,1,3141,100,616732100,1
314.199611,1,3142,100,616732100,1
314.300894,1,3143,100,616684400,1
314.399601,1,3144,100,616637500,1
314.499316,1,3145,100,616637500,1
314.600518,1,3146,100,616637500,1
314.699731,1,3147,100,616660800,1
314.800604,1,3148,100,616660800,1
314.899675,1,3149,100,616660800,1
314.999647,1,3150,100,616676700,1
315.099782,1,3151,100,616713100,1
315.199475,1,3152,100,616728100,1
315.299641,1,3153,100,616780000,1
315.399370,1,3154,100,616780000,1
315.499791,1,3155,100,616780000,1
315.599761,1,3156,100,616780000,1
315.699373,1,3157,100,616780000,1
315.800536,1,3158,100,616780000,1
315.900780,1,3159,100,616780000,1
316.001834,1,3160,100,616840000,1
316.099752,1,3161,100,616900000,1
316.199733,1,3162,100,616901700,1
316.299981,1,3163,100,616920000,1
316.399462,1,3164,100,616920000,1
316.499487,1,3165,100,616920000,1
316.600102,1,3166,100,616920000,1
316.699780,1,3167,100,616974400,1
316.799876,1,3168,100,616980000,1
316.899468,1,3169,100,616980000,1
316.999442,1,3170,100,616980000,1
317.100363,1,3171,100,617041700,1
317.199863,1,3172,100,617060000,1
317.299927,1,3173,100,617064000,1
317.399529,1,3174,100,617064000,1
317.499439,1,3175,100,617064000,1
317.601872,1,3176,100,617064000,1
317.699562,1,3177,100,617095900,1
317.799380,1,3178,100,617108800,1
317.899578,1,3179,100,617139600,1
317.999488,1,3180,100,617140000,1
318.100307,1,3181,100,617145900,1
318.199611,1,3182,100,617170400,1
318.313038,1,3183,100,617359900,1
318.410190,1,3184,100,617359900,1
318.499452,1,3185,100,617375400,1
318.603563,1,3186,100,617435200,1
318.706275,1,3187,100,617444300,1
318.799644,1,3188,100,617444300,1
318.899346,1,3189,100,617444300,1
318.999869,1,3190,100,617444300,1
319.099779,1,3191,100,617444300,1
319.200806,1,3192,100,617444300,1
319.300844,1,3193,100,617444300,1
319.404314,1,3194,100,617444300,1
319.499496,1,3195,100,617444300,1
319.602203,1,3196,100,617444300,1
319.699502,1,3197,100,617444300,1
319.799656,1,3198,100,617444300,1
319.900207,1,3199,100,617444300,1
320.000903,1,3200,100,617444300,1
320.100112,1,3201,100,617444300,1
320.199859,1,3202,100,617444300,1
320.301061,1,3203,100,617402900,1
320.399687,1,3204,100,617340000,1
320.499879,1,3205,100,617340000,1
320.599960,1,3206,100,617340000,1
320.699665,1,3207,100,617340000,1
320.801436,1,3208,100,617384600,1
320.901281,1,3209,100,617413700,1
320.999726,1,3210,100,617372400,1
321.099361,1,3211,100,617360600,1
321.199694,1,3212,100,617325000,1
321.300087,1,3213,100,617303700,1
321.400928,1,3214,100,617303700,1
321.500213,1,3215,100,617264800,1
321.599852,1,3216,100,617264800,1
321.699370,1,3217,100,617263500,1
321.799434,1,3218,100,617263500,1
321.899548,1,3219,100,617264700,1
321.999918,1,3220,100,617324900,1
322.100410,1,3221,100,617324900,1
322.199764,1,3222,100,617324900,1
322.301965,1,3223,100,617372400,1
322.399693,1,3224,100,617411100,1
322.499932,1,3225,100,617411100,1
322.600682,1,3226,100,617444900,1
322.699456,1,3227,100,617444900,1
322.799861,1,3228,100,617444900,1
322.899431,1,3229,100,617444900,1
323.003125,1,3230,100,617444900,1
323.099658,1,3231,100,617411100,1
323.200104,1,3232,100,617411100,1
323.299656,1,3233,100,617411100,1
323.399557,1,3234,100,617411100,1
323.499756,1,3235,100,617411100,1
323.600062,1,3236,100,617401200,1
323.700220,1,3237,100,617325000,1
323.799536,1,3238,100,617325000,1
323.899448,1,3239,100,617295700,1
323.999468,1,3240,100,617270900,1
324.100278,1,3241,100,617270900,1
324.199900,1,3242,100,617270900,1
324.299475,1,3243,100,617270900,1
324.399383,1,3244,100,617270900,1
324.499475,1,3245,100,617270900,1
324.601912,1,3246,100,617270900,1
324.701383,1,3247,100,617270900,1
324.800325,1,3248,100,617298600,1
324.902385,1,3249,100,617298600,1
324.999713,1,3250,100,617298600,1
325.099502,1,3251,100,617298600,1
325.199815,1,3252,100,617298600,1
325.299550,1,3253,100,617298600,1
325.399336,1,3254,100,617298600,1
325.500214,1,3255,100,617298600,1
325.599633,1,3256,100,617298600,1
325.700370,1,3257,100,617298600,1
325.799492,1,3258,100,617298600,1
325.899465,1,3259,100,617270900,1
325.999986,1,3260,100,617270900,1
326.099639,1,3261,100,617270900,1
326.199561,1,3262,100,617270900,1
326.299642,1,3263,100,617270900,1
326.405247,1,3264,100,617270900,1
326.499556,1,3265,100,617270900,1
326.600306,1,3266,100,617270900,1
326.699697,1,3267,100,617270900,1
326.799867,1,3268,100,617270900,1
326.899417,1,3269,100,617270900,1
327.001491,1,3270,100,617270900,1
327.099453,1,3271,100,617270900,1
327.199607,1,3272,100,617264900,1
327.300460,1,3273,100,617248200,1
327.403909,1,3274,100,617248000,1
327.500234,1,3275,100,617240100,1
327.601024,1,3276,100,617240100,1
327.699768,1,3277,100,617240100,1
327.801267,1,3278,100,617240100,1
327.900122,1,3279,100,617240100,1
328.000885,1,3280,100,617240100,1
328.099719,1,3281,100,617240100,1
328.200111,1,3282,100,617240100,1
328.301236,1,3283,100,617240100,1
328.399601,1,3284,100,617220100,1
328.499382,1,3285,100,617124900,1
328.599847,1,3286,100,617124900,1
328.700613,1,3287,100,617124900,1
328.799572,1,3288,100,617124900,1
328.900132,1,3289,100,617124900,1
329.002846,1,3290,100,617120100,1
329.099513,1,3291,100,617064000,1
329.207036,1,3292,100,617064000,1
329.299541,1,3293,100,617064000,1
329.404388,1,3294,100,617064000,1
329.499689,1,3295,100,617064000,1
329.600087,1,3296,100,617020100,1
329.700155,1,3297,100,617011000,1
329.800319,1,3298,100,617002600,1
329.900214,1,3299,100,616965500,1
330.003330,1,3300,100,616880100,1
330.100260,1,3301,100,616880100,1
330.200765,1,3302,100,616880100,1
330.299710,1,3303,100,616900000,1
330.400263,1,3304,100,616965500,1
330.499392,1,3305,100,616929700,1
330.602509,1,3306,100,616916000,1
330.699563,1,3307,100,616916000,1
330.799467,1,3308,100,616916000,1
330.899566,1,3309,100,616880100,1
331.000026,1,3310,100,616880100,1
331.099265,1,3311,100,616880100,1
331.199392,1,3312,100,616880100,1
331.299362,1,3313,100,616880100,1
331.407102,1,3314,100,616880100,1
331.499490,1,3315,100,616880100,1
331.599464,1,3316,100,616880100,1
331.701259,1,3317,100,616880100,1
331.799492,1,3318,100,616880100,1
331.899375,1,3319,100,616880100,1
331.999660,1,3320,100,616880100,1
332.099415,1,3321,100,616880100,1
332.200583,1,3322,100,616880100,1
332.299741,1,3323,100,616916000,1
332.399707,1,3324,100,616949900,1
332.499581,1,3325,100,616949900,1
332.600228,1,3326,100,616908700,1
332.699933,1,3327,100,616908700,1
332.800231,1,3328,100,616908700,1
332.899559,1,3329,100,616908700,1
333.000561,1,3330,100,616908700,1
333.099597,1,3331,100,616908700,1
333.199627,1,3332,100,616908700,1
333.299642,1,3333,100,616908700,1
333.399702,1,3334,100,616908700,1
333.499553,1,3335,100,616908700,1
333.600114,1,3336,100,616908700,1
333.699476,1,3337,100,616908700,1
333.799819,1,3338,100,616908700,1
333.899556,1,3339,100,616908700,1
334.000296,1,3340,100,616908700,1
334.099686,1,3341,100,616953100,1
334.199539,1,3342,100,616985700,1
334.299472,1,3343,100,616985700,1
334.399428,1,3344,100,616985700,1
334.499744,1,3345,100,616985700,1
334.599653,1,3346,100,616985700,1
334.699328,1,3347,100,616985700,1
334.799400,1,3348,100,616985700,1
334.901608,1,3349,100,616985700,1
334.999336,1,3350,100,616985700,1
335.100265,1,3351,100,616985700,1
335.199456,1,3352,100,616985700,1
335.299936,1,3353,100,616985700,1
335.399433,1,3354,100,616985700,1
335.499744,1,3355,100,616985700,1
335.599367,1,3356,100,616985700,1
335.699772,1,3357,100,616985700,1
335.799374,1,3358,100,616985700,1
335.899485,1,3359,100,616985700,1
335.999510,1,3360,100,616985700,1
336.099458,1,3361,100,616985700,1
336.200202,1,3362,100,616985700,1
336.299320,1,3363,100,616985700,1
336.399396,1,3364,100,616985700,1
336.499624,1,3365,100,617018100,1
336.599466,1,3366,100,617018100,1
336.699683,1,3367,100,617018100,1
336.799491,1,3368,100,617018100,1
336.900486,1,3369,100,617060100,1
336.999798,1,3370,100,617140000,1
337.099691,1,3371,100,617140000,1
337.199553,1,3372,100,617140000,1
337.299801,1,3373,100,617140000,1
337.399624,1,3374,100,617140000,1
337.499610,1,3375,100,617140000,1
337.600112,1,3376,100,617140000,1
337.699464,1,3377,100,617140000,1
337.799552,1,3378,100,617160000,1
337.899857,1,3379,100,617200000,1
337.999759,1,3380,100,617200000,1
338.099791,1,3381,100,617295700,1
338.199708,1,3382,100,617295700,1
338.299629,1,3383,100,617295700,1
338.399848,1,3384,100,617295700,1
338.499387,1,3385,100,617253900,1
338.599792,1,3386,100,617253900,1
338.702985,1,3387,100,617253900,1
338.799617,1,3388,100,617253900,1
338.900334,1,3389,100,617253900,1
339.000238,1,3390,100,617279700,1
339.099611,1,3391,100,617279700,1
339.199646,1,3392,100,617279700,1
339.299563,1,3393,100,617253900,1
339.399480,1,3394,100,617253900,1
339.499560,1,3395,100,617253900,1
339.600083,1,3396,100,617253900,1
339.699717,1,3397,100,617253900,1
339.799516,1,3398,100,617253900,1
339.899627,1,3399,100,617253900,1
339.999586,1,3400,100,617253900,1
340.099536,1,3401,100,617253900,1
340.199442,1,3402,100,617253900,1
340.299547,1,3403,100,617253900,1
340.399881,1,3404,100,617253900,1
340.499722,1,3405,100,617204700,1
340.599647,1,3406,100,617204700,1
340.700107,1,3407,100,617204700,1
340.800131,1,3408,100,617204700,1
340.899996,1,3409,100,617184500,1
341.000051,1,3410,100,617127400,1
341.100354,1,3411,100,617103700,1
341.199506,1,3412,100,617103700,1
341.300199,1,3413,100,617100100,1
341.400033,1,3414,100,617100100,1
341.499490,1,3415,100,617100100,1
341.600317,1,3416,100,617151100,1
341.699688,1,3417,100,617151100,1
341.799506,1,3418,100,617113000,1
341.899784,1,3419,100,617037600,1
342.001005,1,3420,100,617082600,1
342.101286,1,3421,100,617082600,1
342.203262,1,3422,100,617082600,1
342.299738,1,3423,100,617082600,1
342.399636,1,3424,100,617082600,1
342.500269,1,3425,100,617082600,1
342.599613,1,3426,100,617082600,1
342.699488,1,3427,100,617082600,1
342.800306,1,3428,100,617082600,1
342.899544,1,3429,100,617039700,1
342.999768,1,3430,100,617039700,1
343.099734,1,3431,100,616985700,1
343.199622,1,3432,100,616985700,1
343.301306,1,3433,100,616985700,1
343.399622,1,3434,100,616985700,1
343.499529,1,3435,100,616985700,1
343.601352,1,3436,100,616985700,1
343.699487,1,3437,100,616985700,1
343.799839,1,3438,100,616985700,1
343.905025,1,3439,100,616953100,1
344.001508,1,3440,100,616852200,1
344.104139,1,3441,100,616720100,1
344.199853,1,3442,100,616700100,1
344.299663,1,3443,100,616680100,1
344.399694,1,3444,100,616680100,1
344.499709,1,3445,100,616680100,1
344.601189,1,3446,100,616575900,1
344.701076,1,3447,100,616587900,1
344.801361,1,3448,100,616680100,1
344.899356,1,3449,100,616680100,1
345.000293,1,3450,100,616680100,1
345.099589,1,3451,100,616680100,1
345.200016,1,3452,100,616638100,1
345.299924,1,3453,100,616600200,1
345.399606,1,3454,100,616588000,1
345.499936,1,3455,100,616565100,1
345.601458,1,3456,100,616565100,1
345.701271,1,3457,100,616560100,1
345.799845,1,3458,100,616560100,1
345.900239,1,3459,100,616560100,1
346.015383,1,3460,100,616560100,1
346.099616,1,3461,100,616560100,1
346.199536,1,3462,100,616551900,1
346.299517,1,3463,100,616551900,1
346.399706,1,3464,100,616551900,1
346.505055,1,3465,100,616551900,1
346.599807,1,3466,100,616542600,1
346.701209,1,3467,100,616542600,1
346.799807,1,3468,100,616542600,1
346.899941,1,3469,100,616551900,1
346.999854,1,3470,100,616551900,1
347.099706,1,3471,100,616551900,1
347.199669,1,3472,100,616551900,1
347.299695,1,3473,100,616551900,1
347.399383,1,3474,100,616613500,1
347.501245,1,3475,100,616613500,1
347.600034,1,3476,100,616613500,1
347.699547,1,3477,100,616600900,1
347.799862,1,3478,100,616600900,1
347.899588,1,3479,100,616544000,1
347.999891,1,3480,100,616544000,1
348.099584,1,3481,100,616544000,1
348.214113,1,3482,100,616544000,1
348.299522,1,3483,100,616544000,1
348.399501,1,3484,100,616544000,1
348.499697,1,3485,100,616544000,1
348.599956,1,3486,100,616544000,1
348.699952,1,3487,100,616544000,1
348.800079,1,3488,100,616544000,1
348.899632,1,3489,100,616544000,1
348.999627,1,3490,100,616544000,1
349.099687,1,3491,100,616544000,1
349.199503,1,3492,100,616544000,1
349.304076,1,3493,100,616544000,1
349.399662,1,3494,100,616544000,1
349.499659,1,3495,100,616541100,1
349.599901,1,3496,100,616541100,1
349.700285,1,3497,100,616526500,1
349.799793,1,3498,100,616526500,1
349.899734,1,3499,100,616531500,1
349.999512,1,3500,100,616570400,1
350.099674,1,3501,100,616570400,1
350.199438,1,3502,100,616570400,1
350.299655,1,3503,100,616538800,1
350.399440,1,3504,100,616538800,1
350.499485,1,3505,100,616538800,1
350.599542,1,3506,100,616538800,1
350.699904,1,3507,100,616520100,1
350.799856,1,3508,100,616520100,1
350.899655,1,3509,100,616520100,1
351.001251,1,3510,100,616500100,1
351.100021,1,3511,100,616453300,1
351.203656,1,3512,100,616332000,1
351.300696,1,3513,100,616240100,1
351.400355,1,3514,100,616220100,1
351.500823,1,3515,100,616140200,1
351.605020,1,3516,100,616160000,1
351.699951,1,3517,100,616206800,1
351.799920,1,3518,100,616206800,1
351.899730,1,3519,100,616206800,1
352.000327,1,3520,100,616206800,1
352.101104,1,3521,100,616231000,1
352.199498,1,3522,100,616231000,1
352.300285,1,3523,100,616240100,1
352.400733,1,3524,100,616240100,1
352.501307,1,3525,100,616240100,1
352.603183,1,3526,100,616240100,1
352.699761,1,3527,100,616207200,1
352.799690,1,3528,100,616205800,1
352.899918,1,3529,100,616205800,1
352.999757,1,3530,100,616253900,1
353.099789,1,3531,100,616253900,1
353.199876,1,3532,100,616253900,1
353.320708,1,3533,100,616425000,1
353.399778,1,3534,100,616483800,1
353.499551,1,3535,100,616483800,1
353.602223,1,3536,100,616483800,1
353.699690,1,3537,100,616483800,1
353.799436,1,3538,100,616483800,1
353.899587,1,3539,100,616443500,1
353.999479,1,3540,100,616443500,1
354.099932,1,3541,100,616443500,1
354.199578,1,3542,100,616443500,1
354.299941,1,3543,100,616424900,1
354.399460,1,3544,100,616424900,1
354.499673,1,3545,100,616424900,1
354.599670,1,3546,100,616381800,1
354.699499,1,3547,100,616381800,1
354.799545,1,3548,100,616381800,1
354.900421,1,3549,100,616358500,1
355.003108,1,3550,100,616254000,1
355.099616,1,3551,100,616172900,1
355.200999,1,3552,100,616140100,1
355.300097,1,3553,100,616080100,1
355.399470,1,3554,100,616080100,1
355.499940,1,3555,100,616080100,1
355.600182,1,3556,100,616025200,1
355.699663,1,3557,100,616025200,1
355.799443,1,3558,100,616025200,1
355.899540,1,3559,100,616025200,1
355.999658,1,3560,100,616025200,1
356.099571,1,3561,100,616025200,1
356.199480,1,3562,100,616025200,1
356.300426,1,3563,100,616025200,1
356.399542,1,3564,100,616118500,1
356.499634,1,3565,100,616118500,1
356.599840,1,3566,100,616118500,1
356.701593,1,3567,100,616120100,1
356.799572,1,3568,100,616159900,1
356.899479,1,3569,100,616208900,1
356.999987,1,3570,100,616208900,1
357.099798,1,3571,100,616208900,1
357.199678,1,3572,100,616208900,1
357.299813,1,3573,100,616208900,1
357.400685,1,3574,100,616208900,1
357.500348,1,3575,100,616249900,1
357.600441,1,3576,100,616277200,1
357.700258,1,3577,100,616280000,1
357.799608,1,3578,100,616280000,1
357.899930,1,3579,100,616280000,1
358.000029,1,3580,100,616280000,1
358.099500,1,3581,100,616280000,1
358.199586,1,3582,100,616280000,1
358.299596,1,3583,100,616208900,1
358.399614,1,3584,100,616277200,1
358.501242,1,3585,100,616277200,1
358.599670,1,3586,100,616277200,1
358.700088,1,3587,100,616277200,1
358.799689,1,3588,100,616277200,1
358.899615,1,3589,100,616277200,1
358.999748,1,3590,100,616277200,1
359.100389,1,3591,100,616277200,1
359.201224,1,3592,100,616277200,1
359.299633,1,3593,100,616277200,1
359.399847,1,3594,100,616277200,1
359.501220,1,3595,100,616277200,1
359.600220,1,3596,100,616277200,1
359.699548,1,3597,100,616244200,1
359.800375,1,3598,100,616244200,1
359.899884,1,3599,100,616224200,1
359.999475,1,3600,100,616224200,1
360.100245,1,3601,100,616224200,1
360.201271,1,3602,100,616191500,1
360.302262,1,3603,100,616162500,1
360.408170,1,3604,100,616044200,1
360.499907,1,3605,100,616044200,1
360.601295,1,3606,100,616044200,1
360.699814,1,3607,100,616044200,1
360.799984,1,3608,100,616056000,1
360.900270,1,3609,100,616075100,1
361.000259,1,3610,100,616075100,1
361.099797,1,3611,100,616075000,1
361.202454,1,3612,100,616075000,1
361.300155,1,3613,100,616044400,1
361.401389,1,3614,100,616044400,1
361.500246,1,3615,100,616044400,1
361.600019,1,3616,100,616044400,1
361.700254,1,3617,100,616075300,1
361.799574,1,3618,100,616075500,1
361.900294,1,3619,100,616085600,1
362.000294,1,3620,100,616147200,1
362.099691,1,3621,100,616157200,1
362.201229,1,3622,100,616157200,1
362.299830,1,3623,100,616157200,1
362.399579,1,3624,100,616157200,1
362.499824,1,3625,100,616167200,1
362.600000,1,3626,100,616244400,1
362.699698,1,3627,100,616280500,1
362.799717,1,3628,100,616280500,1
362.899816,1,3629,100,616280500,1
362.999846,1,3630,100,616280500,1
363.099409,1,3631,100,616280500,1
363.200224,1,3632,100,616280500,1
363.299410,1,3633,100,616280500,1
363.399606,1,3634,100,616280500,1
363.499560,1,3635,100,616280500,1
363.599782,1,3636,100,616280500,1
363.700304,1,3637,100,616280500,1
363.799594,1,3638,100,616280500,1
363.905365,1,3639,100,616233300,1
364.000326,1,3640,100,616218800,1
364.099850,1,3641,100,616218800,1
364.200303,1,3642,100,616218800,1
364.299624,1,3643,100,616223400,1
364.403417,1,3644,100,616241700,1
364.500068,1,3645,100,616254300,1
364.603499,1,3646,100,616254300,1
364.699538,1,3647,100,616254300,1
364.800235,1,3648,100,616254300,1
364.899526,1,3649,100,616254300,1
365.000076,1,3650,100,616293800,1
365.099862,1,3651,100,616293800,1
365.199574,1,3652,100,616293800,1
365.299840,1,3653,100,616271500,1
365.399883,1,3654,100,616271500,1
365.500329,1,3655,100,616232800,1
365.599966,1,3656,100,616232800,1
365.700400,1,3657,100,616232800,1
365.806946,1,3658,100,616223500,1
365.899785,1,3659,100,616181200,1
366.000014,1,3660,100,616181200,1
366.099466,1,3661,100,616143200,1
366.199763,1,3662,100,616127500,1
366.299916,1,3663,100,616085600,1
366.401237,1,3664,100,616085600,1
366.499628,1,3665,100,616085600,1
366.604916,1,3666,100,616132700,1
366.699704,1,3667,100,616132700,1
366.801237,1,3668,100,616132700,1
366.899618,1,3669,100,616223500,1
366.999728,1,3670,100,616223500,1
367.110979,1,3671,100,616223500,1
367.228127,1,3672,100,616223500,1
367.309052,1,3673,100,616223500,1
367.420583,1,3674,100,616223500,1
367.515869,1,3675,100,616179200,1
367.613498,1,3676,100,616179200,1
367.699435,1,3677,100,616179200,1
367.805269,1,3678,100,616179200,1
367.899659,1,3679,100,616139300,1
367.999826,1,3680,100,616139300,1
368.104283,1,3681,100,616139300,1
368.199677,1,3682,100,616139300,1
368.300374,1,3683,100,616139300,1
368.400387,1,3684,100,616139300,1
368.500253,1,3685,100,616179200,1
368.606316,1,3686,100,616179200,1
368.700297,1,3687,100,616179200,1
368.799511,1,3688,100,616179200,1
368.899441,1,3689,100,616179200,1
368.999986,1,3690,100,616179200,1
369.101187,1,3691,100,616179200,1
369.200256,1,3692,100,616179200,1
369.299383,1,3693,100,616179200,1
369.399440,1,3694,100,616179200,1
369.499709,1,3695,100,616190800,1
369.599721,1,3696,100,616266600,1
369.702709,1,3697,100,616266600,1
369.799752,1,3698,100,616266600,1
369.899745,1,3699,100,616320000,1
369.999826,1,3700,100,616313000,1
370.099803,1,3701,100,616291400,1
370.199575,1,3702,100,616291400,1
370.299717,1,3703,100,616254000,1
370.399412,1,3704,100,616254000,1
370.499590,1,3705,100,616254000,1
370.599605,1,3706,100,616254000,1
370.699948,1,3707,100,616254000,1
370.799448,1,3708,100,616254000,1
370.899417,1,3709,100,616254000,1
370.999724,1,3710,100,616254000,1
371.099379,1,3711,100,616254000,1
371.199436,1,3712,100,616254000,1
371.299678,1,3713,100,616295000,1
371.399428,1,3714,100,616295000,1
371.500859,1,3715,100,616295000,1
371.599803,1,3716,100,616295000,1
371.699416,1,3717,100,616295000,1
371.799557,1,3718,100,616295000,1
371.899359,1,3719,100,616295000,1
371.999509,1,3720,100,616295000,1
372.099485,1,3721,100,616295000,1
372.199575,1,3722,100,616295000,1
372.299669,1,3723,100,616380000,1
372.399453,1,3724,100,616380000,1
372.499411,1,3725,100,616380000,1
372.599830,1,3726,100,616380000,1
372.699405,1,3727,100,616380000,1
372.799488,1,3728,100,616340600,1
372.899395,1,3729,100,616340600,1
372.999658,1,3730,100,616298600,1
373.099512,1,3731,100,616279500,1
373.199552,1,3732,100,616279500,1
373.299292,1,3733,100,616279500,1
373.399760,1,3734,100,616279500,1
373.499684,1,3735,100,616279500,1
373.603292,1,3736,100,616298600,1
373.700431,1,3737,100,616340600,1
373.800009,1,3738,100,616347800,1
373.899600,1,3739,100,616380000,1
373.999371,1,3740,100,616380000,1
374.100773,1,3741,100,616380000,1
374.199655,1,3742,100,616380000,1
374.300159,1,3743,100,616380000,1
374.399962,1,3744,100,616380000,1
374.499490,1,3745,100,616380000,1
374.599914,1,3746,100,616380000,1
374.699502,1,3747,100,616400000,1
374.799776,1,3748,100,616503300,1
374.899652,1,3749,100,616563900,1
374.999712,1,3750,100,616613500,1
375.099589,1,3751,100,616613500,1
375.199565,1,3752,100,616613500,1
375.299401,1,3753,100,616613500,1
375.399379,1,3754,100,616613500,1
375.499312,1,3755,100,616613500,1
375.599729,1,3756,100,616613500,1
375.699414,1,3757,100,616613500,1
375.799306,1,3758,100,616613500,1
375.899836,1,3759,100,616613500,1
375.999362,1,3760,100,616613500,1
376.099318,1,3761,100,616613500,1
376.199499,1,3762,100,616613500,1
376.299447,1,3763,100,616613500,1
376.399796,1,3764,100,616613500,1
376.499524,1,3765,100,616613500,1
376.599706,1,3766,100,616580100,1
376.699725,1,3767,100,616550700,1
376.799619,1,3768,100,616550700,1
376.899501,1,3769,100,616550700,1
376.999505,1,3770,100,616550700,1
377.100065,1,3771,100,616550700,1
377.201594,1,3772,100,616550700,1
377.299508,1,3773,100,616550700,1
377.399791,1,3774,100,616550700,1
377.499445,1,3775,100,616550700,1
377.599782,1,3776,100,616550700,1
377.699447,1,3777,100,616550700,1
377.799422,1,3778,100,616550700,1
377.899542,1,3779,100,616503800,1
377.999487,1,3780,100,616503800,1
378.100292,1,3781,100,616574000,1
378.199312,1,3782,100,616574000,1
378.299578,1,3783,100,616574000,1
378.403857,1,3784,100,616524100,1
378.499444,1,3785,100,616524100,1
378.599793,1,3786,100,616518400,1
378.699448,1,3787,100,616487400,1
378.799466,1,3788,100,616487400,1
378.899538,1,3789,100,616487400,1
379.000447,1,3790,100,616487400,1
379.099369,1,3791,100,616487400,1
379.199494,1,3792,100,616487400,1
379.299516,1,3793,100,616487400,1
379.399477,1,3794,100,616487400,1
379.499454,1,3795,100,616487400,1
379.599611,1,3796,100,616468000,1
379.699539,1,3797,100,616468000,1
379.800346,1,3798,100,616468000,1
379.899779,1,3799,100,616468000,1
379.999531,1,3800,100,616468000,1
380.099661,1,3801,100,616517800,1
380.199561,1,3802,100,616573100,1
380.299706,1,3803,100,616573100,1
380.399483,1,3804,100,616573100,1
380.499700,1,3805,100,616573100,1
380.600033,1,3806,100,616573100,1
380.699649,1,3807,100,616573100,1
380.799505,1,3808,100,616573100,1
380.899395,1,3809,100,616573100,1
380.999366,1,3810,100,616573100,1
381.099486,1,3811,100,616573100,1
381.199329,1,3812,100,616573100,1
381.299380,1,3813,100,616573100,1
381.400221,1,3814,100,616573100,1
381.499871,1,3815,100,616573100,1
381.599666,1,3816,100,616573100,1
381.701245,1,3817,100,616573100,1
381.799942,1,3818,100,616573100,1
381.900627,1,3819,100,616573100,1
382.000136,1,3820,100,616573100,1
382.099708,1,3821,100,616573100,1
382.199603,1,3822,100,616573100,1
382.299881,1,3823,100,616573100,1
382.399679,1,3824,100,616573100,1
382.500124,1,3825,100,616573100,1
382.599639,1,3826,100,616573100,1
382.699691,1,3827,100,616580300,1
382.800197,1,3828,100,616580300,1
382.899667,1,3829,100,616613400,1
382.999574,1,3830,100,616613400,1
383.100261,1,3831,100,616613400,1
383.199528,1,3832,100,616613400,1
383.299914,1,3833,100,616613400,1
383.400114,1,3834,100,616613400,1
383.500885,1,3835,100,616613400,1
383.599936,1,3836,100,616613400,1
383.701873,1,3837,100,616637400,1
383.799958,1,3838,100,616680000,1
383.900237,1,3839,100,616704800,1
383.999578,1,3840,100,616740200,1
384.100232,1,3841,100,616801800,1
384.200156,1,3842,100,616866000,1
384.299951,1,3843,100,616880000,1
384.400302,1,3844,100,616880000,1
384.499878,1,3845,100,616880000,1
384.600382,1,3846,100,616880100,1
384.700288,1,3847,100,616880100,1
384.799634,1,3848,100,616880100,1
384.899439,1,3849,100,616880100,1
384.999685,1,3850,100,616880100,1
385.099715,1,3851,100,616880100,1
385.199845,1,3852,100,616880100,1
385.299734,1,3853,100,616867600,1
385.399839,1,3854,100,616867600,1
385.499762,1,3855,100,616867600,1
385.600219,1,3856,100,616867600,1
385.701277,1,3857,100,616867600,1
385.801362,1,3858,100,616867600,1
385.899535,1,3859,100,616867600,1
386.000219,1,3860,100,616867600,1
386.099585,1,3861,100,616847200,1
386.199840,1,3862,100,616847200,1
386.300220,1,3863,100,616847200,1
386.399383,1,3864,100,616847200,1
386.499428,1,3865,100,616847200,1
386.599787,1,3866,100,616847200,1
386.705029,1,3867,100,616763700,1
386.799606,1,3868,100,616763700,1
386.899459,1,3869,100,616763700,1
386.999458,1,3870,100,616763700,1
387.099673,1,3871,100,616763700,1
387.199670,1,3872,100,616763700,1
387.299952,1,3873,100,616763700,1
387.399513,1,3874,100,616763700,1
387.500189,1,3875,100,616763700,1
387.600111,1,3876,100,616763700,1
387.699521,1,3877,100,616763700,1
387.799341,1,3878,100,616763700,1
387.899448,1,3879,100,616763700,1
387.999504,1,3880,100,616763700,1
388.099528,1,3881,100,616763700,1
388.199396,1,3882,100,616763700,1
388.299504,1,3883,100,616763700,1
388.399610,1,3884,100,616763700,1
388.499427,1,3885,100,616821400,1
388.599541,1,3886,100,616821400,1
388.699373,1,3887,100,616821400,1
388.799374,1,3888,100,616821400,1
388.899357,1,3889,100,616821400,1
388.999367,1,3890,100,616821400,1
389.099458,1,3891,100,616821400,1
389.199488,1,3892,100,616821400,1
389.300211,1,3893,100,616821400,1
389.399464,1,3894,100,616821400,1
389.499655,1,3895,100,616793200,1
389.600356,1,3896,100,616793200,1
389.699661,1,3897,100,616793200,1
389.799780,1,3898,100,616857700,1
389.899692,1,3899,100,616857700,1
389.999751,1,3900,100,616857700,1
390.099546,1,3901,100,616857700,1
390.199551,1,3902,100,616857700,1
390.299690,1,3903,100,616867600,1
390.399532,1,3904,100,616880100,1
390.499614,1,3905,100,616880100,1
390.599523,1,3906,100,616880100,1
390.700209,1,3907,100,616880100,1
390.820256,1,3908,100,616880100,1
390.899339,1,3909,100,616880100,1
390.999861,1,3910,100,616880100,1
391.099447,1,3911,100,616880100,1
391.199510,1,3912,100,616880100,1
391.300197,1,3913,100,616880100,1
391.399633,1,3914,100,616880100,1
391.499733,1,3915,100,616880100,1
391.599694,1,3916,100,616880100,1
391.699427,1,3917,100,616880100,1
391.800209,1,3918,100,616880100,1
391.899551,1,3919,100,616880100,1
391.999708,1,3920,100,616880100,1
392.099963,1,3921,100,616926400,1
392.199472,1,3922,100,616926400,1
392.299446,1,3923,100,616926400,1
392.399335,1,3924,100,616940000,1
392.499375,1,3925,100,616940000,1
392.599487,1,3926,100,616940000,1
392.701459,1,3927,100,617020000,1
392.800094,1,3928,100,617067600,1
392.899709,1,3929,100,617067600,1
392.999513,1,3930,100,617067600,1
393.099895,1,3931,100,617067600,1
393.200113,1,3932,100,617050400,1
393.299351,1,3933,100,617040100,1
393.399463,1,3934,100,617040100,1
393.499537,1,3935,100,617040100,1
393.599883,1,3936,100,617040100,1
393.699541,1,3937,100,617040100,1
393.799479,1,3938,100,617040100,1
393.899485,1,3939,100,617040100,1
393.999365,1,3940,100,617040100,1
394.099436,1,3941,100,617040100,1
394.199339,1,3942,100,617040100,1
394.299446,1,3943,100,617040100,1
394.399558,1,3944,100,617040100,1
394.499272,1,3945,100,617040100,1
394.599494,1,3946,100,617040100,1
394.700249,1,3947,100,617040100,1
394.799664,1,3948,100,617040100,1
394.899390,1,3949,100,617040100,1
394.999486,1,3950,100,617040100,1
395.099371,1,3951,100,617040100,1
395.199400,1,3952,100,617040100,1
395.299506,1,3953,100,617040100,1
395.399306,1,3954,100,617040100,1
395.499517,1,3955,100,617040100,1
395.599452,1,3956,100,617040100,1
395.699666,1,3957,100,617040100,1
395.800294,1,3958,100,617040100,1
395.899455,1,3959,100,617040100,1
396.000706,1,3960,100,617079900,1
396.099377,1,3961,100,617079900,1
396.199529,1,3962,100,617079900,1
396.299503,1,3963,100,617079900,1
396.399610,1,3964,100,617079900,1
396.499847,1,3965,100,617079900,1
396.599655,1,3966,100,617079900,1
396.699683,1,3967,100,617079900,1
396.799597,1,3968,100,617080000,1
396.899618,1,3969,100,617080000,1
396.999776,1,3970,100,617080000,1
397.100214,1,3971,100,617080000,1
397.199574,1,3972,100,617040100,1
397.299792,1,3973,100,617040100,1
397.399584,1,3974,100,617040100,1
397.499599,1,3975,100,617018100,1
397.604906,1,3976,100,616945600,1
397.699550,1,3977,100,616925500,1
397.801391,1,3978,100,616925500,1
397.900539,1,3979,100,616925500,1
398.000181,1,3980,100,616925500,1
398.099408,1,3981,100,616925500,1
398.199451,1,3982,100,616925500,1
398.299484,1,3983,100,616925500,1
398.400271,1,3984,100,616973000,1
398.499344,1,3985,100,617017500,1
398.599825,1,3986,100,617017500,1
398.701067,1,3987,100,617018000,1
398.799353,1,3988,100,617018000,1
398.899413,1,3989,100,617018000,1
398.999889,1,3990,100,617018000,1
399.099357,1,3991,100,617080000,1
399.199520,1,3992,100,617110800,1
399.299340,1,3993,100,617110800,1
399.399534,1,3994,100,617110800,1
399.499410,1,3995,100,617110800,1
399.599835,1,3996,100,617110800,1
399.699554,1,3997,100,617110800,1
399.800262,1,3998,100,617110800,1
399.899447,1,3999,100,617110800,1
399.999346,1,4000,100,617110800,1
400.099593,1,4001,100,617110800,1
400.199563,1,4002,100,617089700,1
400.299433,1,4003,100,617051200,1
400.399374,1,4004,100,617051200,1
400.499489,1,4005,100,617051200,1
400.599859,1,4006,100,617051200,1
400.699536,1,4007,100,617051200,1
400.800021,1,4008,100,617051200,1
400.899561,1,4009,100,617063300,1
400.999933,1,4010,100,617063300,1
401.099368,1,4011,100,617063300,1
401.199554,1,4012,100,617063300,1
401.299426,1,4013,100,617063300,1
401.399722,1,4014,100,617063300,1
401.500010,1,4015,100,617097900,1
401.599357,1,4016,100,617097900,1
401.700569,1,4017,100,617097900,1
401.799351,1,4018,100,617097900,1
401.899278,1,4019,100,617097900,1
401.999803,1,4020,100,617140000,1
402.100220,1,4021,100,617172500,1
402.199364,1,4022,100,617172500,1
402.299687,1,4023,100,617172500,1
402.402192,1,4024,100,617200000,1
402.499556,1,4025,100,617203400,1
402.600600,1,4026,100,617203400,1
402.699456,1,4027,100,617203400,1
402.799225,1,4028,100,617203400,1
402.899435,1,4029,100,617203400,1
402.999565,1,4030,100,617203400,1
403.100201,1,4031,100,617203400,1
403.200011,1,4032,100,617203400,1
403.300041,1,4033,100,617203400,1
403.399489,1,4034,100,617230000,1
403.499532,1,4035,100,617240000,1
403.599604,1,4036,100,617240000,1
403.699876,1,4037,100,617330900,1
403.799705,1,4038,100,617330900,1
403.899596,1,4039,100,617330900,1
403.999496,1,4040,100,617330900,1
404.100106,1,4041,100,617330900,1
404.200198,1,4042,100,617330900,1
404.300282,1,4043,100,617330900,1
404.399412,1,4044,100,617330900,1
404.499634,1,4045,100,617340000,1
404.599916,1,4046,100,617340000,1
404.702957,1,4047,100,617360000,1
404.799451,1,4048,100,617360000,1
404.899434,1,4049,100,617360000,1
404.999643,1,4050,100,617360000,1
405.099690,1,4051,100,617360000,1
405.199759,1,4052,100,617360000,1
405.301216,1,4053,100,617360000,1
405.399442,1,4054,100,617400000,1
405.500348,1,4055,100,617400000,1
405.600831,1,4056,100,617480000,1
405.700066,1,4057,100,617534400,1
405.803508,1,4058,100,617604000,1
405.899785,1,4059,100,617620000,1
406.000220,1,4060,100,617620000,1
406.099451,1,4061,100,617620000,1
406.199250,1,4062,100,617620000,1
406.299535,1,4063,100,617620000,1
406.399525,1,4064,100,617620000,1
406.499668,1,4065,100,617714200,1
406.599828,1,4066,100,617740100,1
406.700351,1,4067,100,617780100,1
406.799365,1,4068,100,617826600,1
406.899514,1,4069,100,617826600,1
407.000015,1,4070,100,617826600,1
407.099734,1,4071,100,617826600,1
407.199483,1,4072,100,617826600,1
407.299620,1,4073,100,617826600,1
407.399621,1,4074,100,617826600,1
407.499668,1,4075,100,617826600,1
407.599663,1,4076,100,617826600,1
407.699584,1,4077,100,617826600,1
407.799714,1,4078,100,617826600,1
407.899604,1,4079,100,617826600,1
407.999719,1,4080,100,617826600,1
408.100116,1,4081,100,617826600,1
408.199510,1,4082,100,617826600,1
408.299615,1,4083,100,617780300,1
408.400312,1,4084,100,617780300,1
408.499722,1,4085,100,617780300,1
408.599781,1,4086,100,617780300,1
408.699710,1,4087,100,617776300,1
408.799405,1,4088,100,617776300,1
408.899329,1,4089,100,617776300,1
408.999419,1,4090,100,617776300,1
409.100624,1,4091,100,617760300,1
409.199483,1,4092,100,617703100,1
409.299640,1,4093,100,617685400,1
409.399791,1,4094,100,617685400,1
409.499882,1,4095,100,617685400,1
409.599678,1,4096,100,617685400,1
409.699451,1,4097,100,617685400,1
409.799692,1,4098,100,617685400,1
409.899944,1,4099,100,617685400,1
409.999867,1,4100,100,617685400,1
410.099867,1,4101,100,617685400,1
410.200252,1,4102,100,617685400,1
410.299607,1,4103,100,617685400,1
410.399889,1,4104,100,617685400,1
410.499745,1,4105,100,617680000,1
410.599732,1,4106,100,617659100,1
410.701117,1,4107,100,617627800,1
410.800029,1,4108,100,617552600,1
410.899935,1,4109,100,617478900,1
410.999990,1,4110,100,617440000,1
411.099541,1,4111,100,617380100,1
411.199850,1,4112,100,617380000,1
411.299424,1,4113,100,617360100,1
411.400265,1,4114,100,617360100,1
411.499523,1,4115,100,617360100,1
411.600929,1,4116,100,617360100,1
411.701015,1,4117,100,617380000,1
411.800248,1,4118,100,617380000,1
411.899860,1,4119,100,617380000,1
412.000211,1,4120,100,617380000,1
412.099550,1,4121,100,617420100,1
412.200118,1,4122,100,617440000,1
412.300206,1,4123,100,617440000,1
412.399622,1,4124,100,617440100,1
412.499635,1,4125,100,617470500,1
412.599477,1,4126,100,617470500,1
412.700158,1,4127,100,617470500,1
412.799332,1,4128,100,617470500,1
412.899718,1,4129,100,617470500,1
412.999578,1,4130,100,617503600,1
413.099468,1,4131,100,617503600,1
413.199450,1,4132,100,617503600,1
413.299536,1,4133,100,617552500,1
413.399750,1,4134,100,617552500,1
413.499613,1,4135,100,617552500,1
413.600248,1,4136,100,617505200,1
413.699635,1,4137,100,617470500,1
413.799537,1,4138,100,617443800,1
413.899543,1,4139,100,617397700,1
413.999565,1,4140,100,617397700,1
414.099738,1,4141,100,617397700,1
414.199474,1,4142,100,617397700,1
414.299524,1,4143,100,617478200,1
414.399858,1,4144,100,617478200,1
414.499508,1,4145,100,617478200,1
414.601067,1,4146,100,617478200,1
414.699405,1,4147,100,617478200,1
414.799602,1,4148,100,617478200,1
414.899534,1,4149,100,617478200,1
415.000215,1,4150,100,617478200,1
415.099629,1,4151,100,617478200,1
415.199614,1,4152,100,617478200,1
415.299599,1,4153,100,617478200,1
415.399774,1,4154,100,617478200,1
415.499546,1,4155,100,617478200,1
415.599780,1,4156,100,617478200,1
415.699740,1,4157,100,617640000,1
415.800005,1,4158,100,617570700,1
415.900018,1,4159,100,617490500,1
416.001110,1,4160,100,617490500,1
416.099379,1,4161,100,617490500,1
416.204992,1,4162,100,617490500,1
416.299654,1,4163,100,617490500,1
416.400253,1,4164,100,617490500,1
416.499565,1,4165,100,617490500,1
416.599974,1,4166,100,617490500,1
416.699370,1,4167,100,617490500,1
416.799752,1,4168,100,617490500,1
416.899796,1,4169,100,617490500,1
416.999462,1,4170,100,617490500,1
417.099382,1,4171,100,617490500,1
417.199725,1,4172,100,617490500,1
417.299429,1,4173,100,617490500,1
417.399528,1,4174,100,617490500,1
417.500036,1,4175,100,617490500,1
417.600445,1,4176,100,617479400,1
417.699719,1,4177,100,617478300,1
417.799766,1,4178,100,617478300,1
417.899876,1,4179,100,617478200,1
417.999576,1,4180,100,617478200,1
418.102441,1,4181,100,617432300,1
418.199670,1,4182,100,617360100,1
418.299840,1,4183,100,617360100,1
418.399800,1,4184,100,617360100,1
418.499602,1,4185,100,617360100,1
418.600400,1,4186,100,617360100,1
418.700229,1,4187,100,617360100,1
418.799550,1,4188,100,617360100,1
418.900058,1,4189,100,617477700,1
418.999966,1,4190,100,617477700,1
419.099854,1,4191,100,617477700,1
419.199492,1,4192,100,617477700,1
419.300206,1,4193,100,617477700,1
419.400256,1,4194,100,617477700,1
419.499715,1,4195,100,617477700,1
419.599573,1,4196,100,617477700,1
419.699522,1,4197,100,617477700,1
419.799801,1,4198,100,617477600,1
419.899470,1,4199,100,617477600,1
419.999565,1,4200,100,617477600,1
420.099762,1,4201,100,617477500,1
420.200202,1,4202,100,617477500,1
420.299434,1,4203,100,617433100,1
420.399668,1,4204,100,617433100,1
420.500956,1,4205,100,617433100,1
420.601379,1,4206,100,617420100,1
420.699731,1,4207,100,617366400,1
420.800211,1,4208,100,617360100,1
420.899769,1,4209,100,617324500,1
421.001209,1,4210,100,617320100,1
421.099940,1,4211,100,617320100,1
421.199577,1,4212,100,617320100,1
421.299755,1,4213,100,617320100,1
421.402915,1,4214,100,617300100,1
421.499711,1,4215,100,617280200,1
421.600008,1,4216,100,617280200,1
421.700215,1,4217,100,617280200,1
421.799536,1,4218,100,617280200,1
421.900204,1,4219,100,617280200,1
421.999668,1,4220,100,617307300,1
422.100137,1,4221,100,617307300,1
422.199655,1,4222,100,617319800,1
422.299772,1,4223,100,617319800,1
422.400203,1,4224,100,617319800,1
422.499650,1,4225,100,617319800,1
422.600224,1,4226,100,617319800,1
422.699498,1,4227,100,617319800,1
422.799551,1,4228,100,617319800,1
422.899606,1,4229,100,617319800,1
422.999665,1,4230,100,617319800,1
423.099864,1,4231,100,617319800,1
423.199604,1,4232,100,617319800,1
423.300209,1,4233,100,617319800,1
423.399843,1,4234,100,617256900,1
423.499750,1,4235,100,617256800,1
423.600020,1,4236,100,617256800,1
423.699663,1,4237,100,617256800,1
423.799579,1,4238,100,617240100,1
423.899585,1,4239,100,617265700,1
424.000208,1,4240,100,617265700,1
424.100135,1,4241,100,617265700,1
424.199626,1,4242,100,617265700,1
424.299816,1,4243,100,617265700,1
424.400656,1,4244,100,617265700,1
424.499602,1,4245,100,617265700,1
424.600123,1,4246,100,617265700,1
424.699622,1,4247,100,617265700,1
424.801386,1,4248,100,617265700,1
424.899792,1,4249,100,617265700,1
424.999477,1,4250,100,617265700,1
425.099655,1,4251,100,617265700,1
425.199647,1,4252,100,617265700,1
425.299667,1,4253,100,617265700,1
425.399561,1,4254,100,617265700,1
425.499590,1,4255,100,617250200,1
425.599407,1,4256,100,617250200,1
425.699751,1,4257,100,617250200,1
425.799684,1,4258,100,617250200,1
425.902424,1,4259,100,617250200,1
425.999906,1,4260,100,617250200,1
426.099596,1,4261,100,617250200,1
426.199459,1,4262,100,617250200,1
426.299618,1,4263,100,617250200,1
426.399719,1,4264,100,617250200,1
426.500786,1,4265,100,617250200,1
426.599626,1,4266,100,617250200,1
426.699649,1,4267,100,617250200,1
426.799439,1,4268,100,617250200,1
426.899455,1,4269,100,617250200,1
426.999629,1,4270,100,617250200,1
427.099887,1,4271,100,617250200,1
427.199395,1,4272,100,617250200,1
427.299619,1,4273,100,617250200,1
427.399925,1,4274,100,617301600,1
427.499604,1,4275,100,617276200,1
427.600338,1,4276,100,617276100,1
427.699582,1,4277,100,617250400,1
427.799959,1,4278,100,617220600,1
427.899922,1,4279,100,617220600,1
427.999918,1,4280,100,617220600,1
428.099420,1,4281,100,617220600,1
428.199990,1,4282,100,617220600,1
428.300205,1,4283,100,617220600,1
428.399796,1,4284,100,617220600,1
428.499648,1,4285,100,617220600,1
428.601760,1,4286,100,617220600,1
428.699603,1,4287,100,617220600,1
428.807214,1,4288,100,617220600,1
428.899786,1,4289,100,617220600,1
429.002268,1,4290,100,617220600,1
429.100622,1,4291,100,617220600,1
429.199551,1,4292,100,617220600,1
429.299860,1,4293,100,617220600,1
429.399470,1,4294,100,617220600,1
429.499743,1,4295,100,617220600,1
429.600067,1,4296,100,617220600,1
429.699687,1,4297,100,617220600,1
429.799688,1,4298,100,617220600,1
429.899803,1,4299,100,617220600,1
429.999592,1,4300,100,617220600,1
430.100597,1,4301,100,617200100,1
430.199729,1,4302,100,617180100,1
430.300015,1,4303,100,617133400,1
430.399541,1,4304,100,617133400,1
430.499724,1,4305,100,617120100,1
430.601102,1,4306,100,617102000,1
430.707751,1,4307,100,617060100,1
430.800113,1,4308,100,616996900,1
430.899693,1,4309,100,616982100,1
430.999729,1,4310,100,616982100,1
431.099502,1,4311,100,616982100,1
431.199721,1,4312,100,616982100,1
431.299722,1,4313,100,616969300,1
431.399550,1,4314,100,616960100,1
431.500260,1,4315,100,616940100,1
431.604136,1,4316,100,616904800,1
431.700239,1,4317,100,616904800,1
431.799893,1,4318,100,616900100,1
431.900231,1,4319,100,616900100,1
431.999604,1,4320,100,616900100,1
432.099620,1,4321,100,616900000,1
432.199913,1,4322,100,616899900,1
432.299644,1,4323,100,616899900,1
432.399688,1,4324,100,616899900,1
432.499781,1,4325,100,616899900,1
432.601300,1,4326,100,616946700,1
432.699777,1,4327,100,616982100,1
432.800373,1,4328,100,617010200,1
432.900204,1,4329,100,617078100,1
433.000022,1,4330,100,617100000,1
433.100108,1,4331,100,617100000,1
433.199758,1,4332,100,617100000,1
433.299495,1,4333,100,617100000,1
433.400198,1,4334,100,617100000,1
433.499570,1,4335,100,617100000,1
433.599672,1,4336,100,617100000,1
433.700194,1,4337,100,617100000,1
433.799642,1,4338,100,617100000,1
433.899726,1,4339,100,617100000,1
433.999673,1,4340,100,617100000,1
434.099637,1,4341,100,617100000,1
434.199501,1,4342,100,617100000,1
434.299508,1,4343,100,617100000,1
434.399511,1,4344,100,617100000,1
434.499883,1,4345,100,617100000,1
434.599806,1,4346,100,617133400,1
434.699597,1,4347,100,617133400,1
434.799851,1,4348,100,617133400,1
434.899642,1,4349,100,617186800,1
434.999650,1,4350,100,617186800,1
435.099566,1,4351,100,617186800,1
435.199674,1,4352,100,617186800,1
435.299924,1,4353,100,617186800,1
435.399713,1,4354,100,617186800,1
435.499691,1,4355,100,617186800,1
435.600255,1,4356,100,617186800,1
435.700263,1,4357,100,617186800,1
435.799630,1,4358,100,617186800,1
435.900430,1,4359,100,617161800,1
435.999938,1,4360,100,617161800,1
436.099852,1,4361,100,617161700,1
436.199659,1,4362,100,617161700,1
436.299756,1,4363,100,617100500,1
436.399608,1,4364,100,617066800,1
436.500254,1,4365,100,617064000,1
436.600021,1,4366,100,617020900,1
436.700170,1,4367,100,616986000,1
436.801052,1,4368,100,616986000,1
436.899724,1,4369,100,616986000,1
436.999712,1,4370,100,616986000,1
437.099577,1,4371,100,616986000,1
437.199780,1,4372,100,616986000,1
437.304737,1,4373,100,616986000,1
437.399750,1,4374,100,616986000,1
437.499779,1,4375,100,616986000,1
437.600234,1,4376,100,616986000,1
437.699569,1,4377,100,616986000,1
437.799921,1,4378,100,616986000,1
437.900201,1,4379,100,616986000,1
437.999932,1,4380,100,616986000,1
438.099604,1,4381,100,616986000,1
438.199554,1,4382,100,616986000,1
438.300034,1,4383,100,616986000,1
438.399555,1,4384,100,616986000,1
438.499808,1,4385,100,616986000,1
438.599832,1,4386,100,616986000,1
438.699422,1,4387,100,616986000,1
438.800033,1,4388,100,616986000,1
438.899673,1,4389,100,616986000,1
439.000064,1,4390,100,616986000,1
439.099696,1,4391,100,616986000,1
439.199860,1,4392,100,616986000,1
439.299649,1,4393,100,616986000,1
439.399847,1,4394,100,616986000,1
439.499767,1,4395,100,616986000,1
439.599780,1,4396,100,616986000,1
439.699755,1,4397,100,616986000,1
439.799572,1,4398,100,616986000,1
439.899471,1,4399,100,616986000,1
439.999705,1,4400,100,616967400,1
440.100211,1,4401,100,616924500,1
440.199905,1,4402,100,616880700,1
440.299815,1,4403,100,616880700,1
440.399711,1,4404,100,616880700,1
440.499463,1,4405,100,616880700,1
440.600003,1,4406,100,616840100,1
440.700213,1,4407,100,616820100,1
440.799616,1,4408,100,616800100,1
440.899816,1,4409,100,616800100,1
440.999735,1,4410,100,616800100,1
441.099835,1,4411,100,616800100,1
441.200999,1,4412,100,616725900,1
441.299786,1,4413,100,616700100,1
441.399689,1,4414,100,616680100,1
441.499978,1,4415,100,616680100,1
441.600222,1,4416,100,616654500,1
441.699649,1,4417,100,616654500,1
441.799902,1,4418,100,616654500,1
441.899673,1,4419,100,616654500,1
441.999600,1,4420,100,616654500,1
442.099681,1,4421,100,616654500,1
442.200018,1,4422,100,616654500,1
442.299882,1,4423,100,616654500,1
442.399982,1,4424,100,616704900,1
442.499815,1,4425,100,616704900,1
442.600062,1,4426,100,616739300,1
442.699764,1,4427,100,616739300,1
442.799567,1,4428,100,616739300,1
442.899796,1,4429,100,616739300,1
442.999852,1,4430,100,616739300,1
443.099900,1,4431,100,616762500,1
443.199673,1,4432,100,616739300,1
443.299663,1,4433,100,616739300,1
443.399763,1,4434,100,616715700,1
443.499659,1,4435,100,616662100,1
443.600171,1,4436,100,616654600,1
443.699722,1,4437,100,616640100,1
443.799633,1,4438,100,616640100,1
443.899699,1,4439,100,616640100,1
444.000631,1,4440,100,616640100,1
444.101200,1,4441,100,616694400,1
444.199658,1,4442,100,616728100,1
444.300155,1,4443,100,616728100,1
444.399698,1,4444,100,616728100,1
444.499627,1,4445,100,616728100,1
444.600101,1,4446,100,616728100,1
444.699652,1,4447,100,616728100,1
444.799793,1,4448,100,616728100,1
444.899799,1,4449,100,616728100,1
444.999447,1,4450,100,616728100,1
445.100565,1,4451,100,616728100,1
445.200015,1,4452,100,616728100,1
445.299820,1,4453,100,616702700,1
445.399681,1,4454,100,616702700,1
445.501238,1,4455,100,616686300,1
445.599691,1,4456,100,616686300,1
445.699652,1,4457,100,616686300,1
445.799698,1,4458,100,616667700,1
445.899571,1,4459,100,616667700,1
446.003439,1,4460,100,616667700,1
446.099629,1,4461,100,616667700,1
446.200182,1,4462,100,616633300,1
446.299488,1,4463,100,616633300,1
446.399885,1,4464,100,616633300,1
446.501127,1,4465,100,616633300,1
446.599920,1,4466,100,616633300,1
446.699635,1,4467,100,616633300,1
446.799645,1,4468,100,616633300,1
446.899790,1,4469,100,616633300,1
447.000343,1,4470,100,616633300,1
447.100207,1,4471,100,616667700,1
447.199592,1,4472,100,616667700,1
447.299830,1,4473,100,616667700,1
447.399747,1,4474,100,616667700,1
447.500083,1,4475,100,616667700,1
447.599904,1,4476,100,616667700,1
447.699788,1,4477,100,616734500,1
447.799882,1,4478,100,616734500,1
447.899764,1,4479,100,616734500,1
447.999841,1,4480,100,616734500,1
448.100086,1,4481,100,616734500,1
448.200153,1,4482,100,616734500,1
448.300225,1,4483,100,616734500,1
448.399696,1,4484,100,616734500,1
448.499700,1,4485,100,616734500,1
448.600100,1,4486,100,616734500,1
448.702257,1,4487,100,616716300,1
448.799726,1,4488,100,616716300,1
448.899976,1,4489,100,616716300,1
448.999870,1,4490,100,616716300,1
449.099581,1,4491,100,616716300,1
449.199724,1,4492,100,616716300,1
449.299736,1,4493,100,616716300,1
449.399827,1,4494,100,616716300,1
449.499554,1,4495,100,616716300,1
449.599761,1,4496,100,616716300,1
449.699942,1,4497,100,616716300,1
449.799585,1,4498,100,616716300,1
449.899737,1,4499,100,616716300,1
449.999690,1,4500,100,616716300,1
450.099736,1,4501,100,616716300,1
450.199535,1,4502,100,616716300,1
450.299671,1,4503,100,616716300,1
450.399847,1,4504,100,616716300,1
450.500062,1,4505,100,616716300,1
450.599706,1,4506,100,616716300,1
450.699572,1,4507,100,616700600,1
450.799590,1,4508,100,616700600,1
450.899965,1,4509,100,616700600,1
451.000209,1,4510,100,616700600,1
451.099692,1,4511,100,616762500,1
451.200260,1,4512,100,616820000,1
451.302759,1,4513,100,616860000,1
451.399958,1,4514,100,616866000,1
451.499620,1,4515,100,616880000,1
451.601135,1,4516,100,616900000,1
451.700314,1,4517,100,616900000,1
451.800246,1,4518,100,616900000,1
451.899940,1,4519,100,616920000,1
451.999788,1,4520,100,616920000,1
452.099635,1,4521,100,616920000,1
452.200058,1,4522,100,617000000,1
452.300088,1,4523,100,617055600,1
452.399797,1,4524,100,617080000,1
452.500085,1,4525,100,617100000,1
452.602777,1,4526,100,617161300,1
452.700038,1,4527,100,617200000,1
452.799848,1,4528,100,617202300,1
452.899814,1,4529,100,617220000,1
453.000107,1,4530,100,617220600,1
453.099893,1,4531,100,617240000,1
453.199629,1,4532,100,617240000,1
453.299769,1,4533,100,617240000,1
453.399961,1,4534,100,617240000,1
453.499750,1,4535,100,617240000,1
453.600166,1,4536,100,617240000,1
453.699986,1,4537,100,617240000,1
453.799775,1,4538,100,617240000,1
453.899962,1,4539,100,617240000,1
453.999607,1,4540,100,617232100,1
454.099761,1,4541,100,617232100,1
454.199633,1,4542,100,617220000,1
454.299751,1,4543,100,617220000,1
454.399908,1,4544,100,617220000,1
454.500167,1,4545,100,617200000,1
454.599669,1,4546,100,617200000,1
454.699813,1,4547,100,617144600,1
454.799838,1,4548,100,617144600,1
454.899817,1,4549,100,617144600,1
454.999609,1,4550,100,617144600,1
455.099680,1,4551,100,617144600,1
455.200763,1,4552,100,617144600,1
455.301229,1,4553,100,617144600,1
455.403115,1,4554,100,617144600,1
455.499656,1,4555,100,617144600,1
455.599810,1,4556,100,617144600,1
455.699817,1,4557,100,617144600,1
455.799792,1,4558,100,617144600,1
455.899947,1,4559,100,617144600,1
456.000058,1,4560,100,617144600,1
456.100135,1,4561,100,617144600,1
456.199826,1,4562,100,617144600,1
456.299953,1,4563,100,617144600,1
456.399745,1,4564,100,617144600,1
456.500225,1,4565,100,617144600,1
456.600056,1,4566,100,617144600,1
456.699717,1,4567,100,617144600,1
456.800220,1,4568,100,617144600,1
456.899638,1,4569,100,617144600,1
456.999823,1,4570,100,617144600,1
457.099651,1,4571,100,617144600,1
457.199660,1,4572,100,617144600,1
457.299936,1,4573,100,617144600,1
457.399667,1,4574,100,617144600,1
457.499682,1,4575,100,617144600,1
457.602681,1,4576,100,617206400,1
457.700057,1,4577,100,617220200,1
457.800210,1,4578,100,617220200,1
457.899707,1,4579,100,617220200,1
457.999839,1,4580,100,617220200,1
458.099865,1,4581,100,617220200,1
458.199739,1,4582,100,617220200,1
458.299726,1,4583,100,617220200,1
458.399745,1,4584,100,617220200,1
458.500202,1,4585,100,617220200,1
458.599656,1,4586,100,617220200,1
458.699880,1,4587,100,617220200,1
458.799637,1,4588,100,617220200,1
458.899985,1,4589,100,617220200,1
458.999675,1,4590,100,617220200,1
459.099856,1,4591,100,617241400,1
459.199861,1,4592,100,617241400,1
459.299870,1,4593,100,617241400,1
459.399883,1,4594,100,617241400,1
459.499758,1,4595,100,617241400,1
459.599915,1,4596,100,617241400,1
459.699726,1,4597,100,617241400,1
459.800113,1,4598,100,617241400,1
459.899935,1,4599,100,617206400,1
459.999884,1,4600,100,617206400,1
460.099626,1,4601,100,617206400,1
460.199875,1,4602,100,617206400,1
460.300088,1,4603,100,617206400,1
460.399891,1,4604,100,617206400,1
460.506865,1,4605,100,617206400,1
460.600290,1,4606,100,617206400,1
460.701069,1,4607,100,617206400,1
460.799764,1,4608,100,617206400,1
460.900156,1,4609,100,617206400,1
460.999982,1,4610,100,617206400,1
461.108261,1,4611,100,617206400,1
461.200477,1,4612,100,617206400,1
461.299591,1,4613,100,617206400,1
461.399996,1,4614,100,617206400,1
461.505313,1,4615,100,617206400,1
461.599698,1,4616,100,617206400,1
461.699758,1,4617,100,617206400,1
461.799892,1,4618,100,617206400,1
461.912612,1,4619,100,617241400,1
461.999849,1,4620,100,617248100,1
462.103106,1,4621,100,617248100,1
462.199598,1,4622,100,617248100,1
462.316845,1,4623,100,617248100,1
462.400080,1,4624,100,617248100,1
462.499644,1,4625,100,617248100,1
462.599807,1,4626,100,617248100,1
462.700108,1,4627,100,617248100,1
462.799717,1,4628,100,617239400,1
462.899760,1,4629,100,617203600,1
463.000206,1,4630,100,617181600,1
463.099789,1,4631,100,617181600,1
463.199842,1,4632,100,617181600,1
463.299761,1,4633,100,617171500,1
463.399784,1,4634,100,617171500,1
463.500215,1,4635,100,617171500,1
463.600058,1,4636,100,617171500,1
463.699837,1,4637,100,617171500,1
463.799856,1,4638,100,617171500,1
463.899689,1,4639,100,617171500,1
464.001258,1,4640,100,617100200,1
464.099899,1,4641,100,617068900,1
464.199681,1,4642,100,617068900,1
464.299818,1,4643,100,617068900,1
464.401354,1,4644,100,617068900,1
464.499620,1,4645,100,617068900,1
464.600203,1,4646,100,617068900,1
464.699867,1,4647,100,617068900,1
464.800020,1,4648,100,617068900,1
464.900076,1,4649,100,617068900,1
465.000052,1,4650,100,617140000,1
465.101050,1,4651,100,617203600,1
465.199955,1,4652,100,617203600,1
465.299699,1,4653,100,617203600,1
465.400067,1,4654,100,617203600,1
465.499732,1,4655,100,617203600,1
465.599905,1,4656,100,617203600,1
465.700230,1,4657,100,617203600,1
465.800228,1,4658,100,617203600,1
465.899780,1,4659,100,617160200,1
465.999804,1,4660,100,617160200,1
466.103575,1,4661,100,617160200,1
466.200207,1,4662,100,617159400,1
466.299840,1,4663,100,617138500,1
466.399760,1,4664,100,617138500,1
466.499774,1,4665,100,617138500,1
466.600954,1,4666,100,617138500,1
466.699759,1,4667,100,617138500,1
466.799852,1,4668,100,617138500,1
466.899726,1,4669,100,617138500,1
467.000058,1,4670,100,617138500,1
467.099696,1,4671,100,617138500,1
467.200210,1,4672,100,617138500,1
467.299561,1,4673,100,617138500,1
467.399911,1,4674,100,617138500,1
467.499715,1,4675,100,617138500,1
467.599908,1,4676,100,617138500,1
467.699813,1,4677,100,617138500,1
467.799932,1,4678,100,617138500,1
467.899747,1,4679,100,617138500,1
468.000017,1,4680,100,617138500,1
468.101196,1,4681,100,617138500,1
468.200944,1,4682,100,617127600,1
468.300220,1,4683,100,617060100,1
468.399724,1,4684,100,617052700,1
468.506261,1,4685,100,617052700,1
468.599805,1,4686,100,617052700,1
468.699800,1,4687,100,617052700,1
468.799746,1,4688,100,617026800,1
468.899980,1,4689,100,617026800,1
468.999614,1,4690,100,617026800,1
469.099885,1,4691,100,616985000,1
469.199869,1,4692,100,616985000,1
469.299883,1,4693,100,616985000,1
469.399793,1,4694,100,616985000,1
469.499665,1,4695,100,616985000,1
469.600467,1,4696,100,616985000,1
469.699926,1,4697,100,616960100,1
469.799850,1,4698,100,616949200,1
469.900072,1,4699,100,616906100,1
469.999942,1,4700,100,616896100,1
470.100027,1,4701,100,616860100,1
470.200262,1,4702,100,616820100,1
470.299860,1,4703,100,616820100,1
470.400213,1,4704,100,616820100,1
470.500487,1,4705,100,616820100,1
470.600350,1,4706,100,616820100,1
470.700068,1,4707,100,616780100,1
470.801222,1,4708,100,616861600,1
470.899773,1,4709,100,616861600,1
470.999824,1,4710,100,616861600,1
471.100528,1,4711,100,616861600,1
471.200182,1,4712,100,616861600,1
471.304190,1,4713,100,616914200,1
471.401225,1,4714,100,616960100,1
471.499760,1,4715,100,616963300,1
471.600887,1,4716,100,616985000,1
471.701101,1,4717,100,617020000,1
471.805973,1,4718,100,617064400,1
471.900512,1,4719,100,617102900,1
472.000048,1,4720,100,617165700,1
472.099867,1,4721,100,617165700,1
472.199914,1,4722,100,617165700,1
472.299936,1,4723,100,617165700,1
472.399713,1,4724,100,617165700,1
472.499999,1,4725,100,617215200,1
472.601344,1,4726,100,617215200,1
472.699986,1,4727,100,617215200,1
472.799872,1,4728,100,617215200,1
472.899792,1,4729,100,617215200,1
472.999949,1,4730,100,617215200,1
473.099982,1,4731,100,617215200,1
473.200711,1,4732,100,617215200,1
473.300144,1,4733,100,617103900,1
473.399664,1,4734,100,617103900,1
473.500129,1,4735,100,617103900,1
473.600822,1,4736,100,617065600,1
473.700054,1,4737,100,617065600,1
473.801262,1,4738,100,616969500,1
473.900217,1,4739,100,616969500,1
474.000026,1,4740,100,616969500,1
474.099762,1,4741,100,616969500,1
474.199758,1,4742,100,616969500,1
474.299646,1,4743,100,616969500,1
474.399804,1,4744,100,616969500,1
474.499799,1,4745,100,616969500,1
474.600342,1,4746,100,616960100,1
474.707096,1,4747,100,616852500,1
474.875686,1,4748,100,616763300,1
474.966022,1,4749,100,616762900,1
475.009250,1,4750,100,616734800,1
475.100025,1,4751,100,616734800,1
475.199769,1,4752,100,616734800,1
475.300368,1,4753,100,616734800,1
475.400037,1,4754,100,616773200,1
475.500447,1,4755,100,616802000,1
475.602266,1,4756,100,616858100,1
475.700051,1,4757,100,616858100,1
475.800033,1,4758,100,616858100,1
475.899933,1,4759,100,616858100,1
476.001255,1,4760,100,616858100,1
476.100372,1,4761,100,616858100,1
476.199611,1,4762,100,616858100,1
476.299756,1,4763,100,616858100,1
476.399843,1,4764,100,616840100,1
476.500426,1,4765,100,616840100,1
476.600384,1,4766,100,616840100,1
476.699919,1,4767,100,616840000,1
476.800368,1,4768,100,616820100,1
476.899882,1,4769,100,616820100,1
477.000026,1,4770,100,616820100,1
477.099842,1,4771,100,616820100,1
477.199753,1,4772,100,616820100,1
477.299858,1,4773,100,616820100,1
477.399765,1,4774,100,616820100,1
477.499811,1,4775,100,616820100,1
477.600160,1,4776,100,616820100,1
477.699878,1,4777,100,616820100,1
477.799765,1,4778,100,616820100,1
477.899643,1,4779,100,616820100,1
478.000100,1,4780,100,616802000,1
478.099757,1,4781,100,616802000,1
478.199897,1,4782,100,616773200,1
478.299842,1,4783,100,616773200,1
478.399850,1,4784,100,616816700,1
478.500280,1,4785,100,616816700,1
478.600266,1,4786,100,616816700,1
478.700264,1,4787,100,616816700,1
478.800253,1,4788,100,616816700,1
478.900324,1,4789,100,616816700,1
478.999846,1,4790,100,616816700,1
479.100119,1,4791,100,616908900,1
479.199849,1,4792,100,616908900,1
479.300215,1,4793,100,616908900,1
479.399822,1,4794,100,616908900,1
479.500144,1,4795,100,616908900,1
479.600004,1,4796,100,616908900,1
479.700163,1,4797,100,616908900,1
479.799811,1,4798,100,616908900,1
479.900203,1,4799,100,616851500,1
479.999787,1,4800,100,616851500,1
480.100249,1,4801,100,616851500,1
480.199636,1,4802,100,616851500,1
480.299836,1,4803,100,616851500,1
480.400076,1,4804,100,616851500,1
480.500064,1,4805,100,616851500,1
480.600122,1,4806,100,616851500,1
480.708957,1,4807,100,616770100,1
480.800179,1,4808,100,616734800,1
480.900634,1,4809,100,616688900,1
480.999943,1,4810,100,616688900,1
481.099818,1,4811,100,616688900,1
481.200362,1,4812,100,616688900,1
481.299859,1,4813,100,616688900,1
481.415197,1,4814,100,616688900,1
481.499887,1,4815,100,616688900,1
481.600268,1,4816,100,616688900,1
481.700175,1,4817,100,616734400,1
481.800044,1,4818,100,616734400,1
481.899939,1,4819,100,616734400,1
481.999749,1,4820,100,616734400,1
482.099705,1,4821,100,616734400,1
482.199826,1,4822,100,616734400,1
482.299826,1,4823,100,616734400,1
482.399861,1,4824,100,616734400,1
482.500097,1,4825,100,616734400,1
482.599988,1,4826,100,616734400,1
482.699829,1,4827,100,616734400,1
482.800072,1,4828,100,616734400,1
482.899738,1,4829,100,616734400,1
483.000192,1,4830,100,616734400,1
483.100200,1,4831,100,616734400,1
483.199933,1,4832,100,616734400,1
483.299919,1,4833,100,616734400,1
483.400217,1,4834,100,616734400,1
483.500087,1,4835,100,616734400,1
483.600361,1,4836,100,616734400,1
483.700107,1,4837,100,616734400,1
483.799730,1,4838,100,616734400,1
483.900000,1,4839,100,616734400,1
483.999951,1,4840,100,616734400,1
484.099746,1,4841,100,616734400,1
484.200256,1,4842,100,616734400,1
484.299992,1,4843,100,616734400,1
484.399819,1,4844,100,616734400,1
484.499890,1,4845,100,616734400,1
484.599953,1,4846,100,616734400,1
484.700117,1,4847,100,616734400,1
484.799987,1,4848,100,616734400,1
484.900053,1,4849,100,616734400,1
485.001697,1,4850,100,616734400,1
485.100052,1,4851,100,616734400,1
485.202155,1,4852,100,616734400,1
485.300032,1,4853,100,616734400,1
485.400254,1,4854,100,616734400,1
485.500036,1,4855,100,616734400,1
485.600099,1,4856,100,616734400,1
485.700317,1,4857,100,616734400,1
485.800998,1,4858,100,616734400,1
485.899938,1,4859,100,616734400,1
485.999806,1,4860,100,616734400,1
486.100048,1,4861,100,616734400,1
486.207335,1,4862,100,616734400,1
486.300074,1,4863,100,616734400,1
486.401249,1,4864,100,616734400,1
486.500596,1,4865,100,616734400,1
486.600105,1,4866,100,616734400,1
486.699635,1,4867,100,616734400,1
486.802209,1,4868,100,616725600,1
486.899904,1,4869,100,616660100,1
486.999992,1,4870,100,616620200,1
487.099957,1,4871,100,616616100,1
487.199992,1,4872,100,616540100,1
487.300632,1,4873,100,616504000,1
487.400025,1,4874,100,616500100,1
487.508637,1,4875,100,616369700,1
487.600659,1,4876,100,616360100,1
487.700178,1,4877,100,616360100,1
487.800136,1,4878,100,616370300,1
487.899746,1,4879,100,616390000,1
488.000185,1,4880,100,616390000,1
488.099683,1,4881,100,616390000,1
488.199777,1,4882,100,616390000,1
488.299886,1,4883,100,616390000,1
488.400065,1,4884,100,616365600,1
488.499875,1,4885,100,616365600,1
488.608707,1,4886,100,616365600,1
488.699996,1,4887,100,616340100,1
488.799867,1,4888,100,616340100,1
488.900222,1,4889,100,616340100,1
489.008292,1,4890,100,616300100,1
489.100927,1,4891,100,616295000,1
489.200043,1,4892,100,616295000,1
489.300209,1,4893,100,616295000,1
489.411032,1,4894,100,616260100,1
489.500053,1,4895,100,616260100,1
489.600352,1,4896,100,616260100,1
489.699965,1,4897,100,616260100,1
489.804180,1,4898,100,616260100,1
489.899890,1,4899,100,616260100,1
490.000082,1,4900,100,616294900,1
490.099732,1,4901,100,616294900,1
490.199750,1,4902,100,616294900,1
490.299734,1,4903,100,616294900,1
490.399725,1,4904,100,616294900,1
490.499907,1,4905,100,616294900,1
490.600116,1,4906,100,616294900,1
490.700174,1,4907,100,616294900,1
490.801381,1,4908,100,616294900,1
490.899874,1,4909,100,616294900,1
491.000123,1,4910,100,616294900,1
491.102706,1,4911,100,616386600,1
491.214786,1,4912,100,616475200,1
491.300067,1,4913,100,616475200,1
491.399963,1,4914,100,616475200,1
491.499912,1,4915,100,616475200,1
491.600207,1,4916,100,616519800,1
491.700049,1,4917,100,616519800,1
491.799793,1,4918,100,616519800,1
491.900272,1,4919,100,616519800,1
492.002144,1,4920,100,616519800,1
492.100245,1,4921,100,616519800,1
492.200093,1,4922,100,616519800,1
492.300117,1,4923,100,616519800,1
492.401508,1,4924,100,616576800,1
492.500225,1,4925,100,616600000,1
492.600778,1,4926,100,616640000,1
492.703690,1,4927,100,616700000,1
492.802261,1,4928,100,616700000,1
492.900126,1,4929,100,616700000,1
493.000012,1,4930,100,616700000,1
493.100013,1,4931,100,616700000,1
493.199756,1,4932,100,616700000,1
493.300424,1,4933,100,616700000,1
493.400136,1,4934,100,616674900,1
493.499939,1,4935,100,616640100,1
493.599997,1,4936,100,616640100,1
493.699753,1,4937,100,616627200,1
493.799852,1,4938,100,616627200,1
493.899942,1,4939,100,616627200,1
493.999930,1,4940,100,616627200,1
494.099879,1,4941,100,616627200,1
494.199942,1,4942,100,616627200,1
494.299905,1,4943,100,616657400,1
494.399875,1,4944,100,616657400,1
494.499948,1,4945,100,616657400,1
494.600148,1,4946,100,616657400,1
494.700352,1,4947,100,616719000,1
494.800030,1,4948,100,616739200,1
494.899739,1,4949,100,616739200,1
495.000120,1,4950,100,616739200,1
495.100144,1,4951,100,616739200,1
495.200024,1,4952,100,616739200,1
495.300248,1,4953,100,616670400,1
495.400174,1,4954,100,616594800,1
495.500209,1,4955,100,616594800,1
495.600102,1,4956,100,616594800,1
495.699924,1,4957,100,616594800,1
495.800075,1,4958,100,616567100,1
495.899894,1,4959,100,616567100,1
496.000089,1,4960,100,616567100,1
496.100628,1,4961,100,616567100,1
496.200205,1,4962,100,616608200,1
496.301178,1,4963,100,616640400,1
496.400750,1,4964,100,616661700,1
496.501371,1,4965,100,616661700,1
496.600755,1,4966,100,616712300,1
496.700161,1,4967,100,616712300,1
496.800079,1,4968,100,616712300,1
496.900137,1,4969,100,616712300,1
496.999802,1,4970,100,616712300,1
497.099954,1,4971,100,616728100,1
497.199911,1,4972,100,616739200,1
497.300182,1,4973,100,616739200,1
497.400006,1,4974,100,616739200,1
497.500393,1,4975,100,616739200,1
497.600198,1,4976,100,616739200,1
497.702681,1,4977,100,616739200,1
497.800100,1,4978,100,616739200,1
497.900201,1,4979,100,616739200,1
497.999843,1,4980,100,616739200,1
498.099882,1,4981,100,616739200,1
498.200007,1,4982,100,616739200,1
498.299901,1,4983,100,616739200,1
498.399895,1,4984,100,616739200,1
498.501215,1,4985,100,616739200,1
498.600032,1,4986,100,616739200,1
498.700008,1,4987,100,616739200,1
498.799938,1,4988,100,616739200,1
498.899764,1,4989,100,616739200,1
498.999755,1,4990,100,616739200,1
499.101392,1,4991,100,616739200,1
499.200228,1,4992,100,616739200,1
499.300392,1,4993,100,616665900,1
499.399995,1,4994,100,616576800,1
499.499856,1,4995,100,616576800,1
499.601255,1,4996,100,616576800,1
499.700004,1,4997,100,616576800,1
499.799957,1,4998,100,616576800,1
499.902264,1,4999,100,616576800,1
500.000087,1,5000,100,616576800,1
500.100196,1,5001,100,616576800,1
500.199893,1,5002,100,616576800,1
500.299983,1,5003,100,616576800,1
500.399790,1,5004,100,616576800,1
500.499781,1,5005,100,616576800,1
500.600491,1,5006,100,616607700,1
500.701343,1,5007,100,616607700,1
500.800707,1,5008,100,616692000,1
500.900196,1,5009,100,616738600,1
501.000010,1,5010,100,616738600,1
501.100098,1,5011,100,616738600,1
501.205359,1,5012,100,616840000,1
501.302644,1,5013,100,616849200,1
501.400943,1,5014,100,616880000,1
501.502198,1,5015,100,616900000,1
501.600452,1,5016,100,616900000,1
501.699954,1,5017,100,616900000,1
501.802095,1,5018,100,616940000,1
501.900238,1,5019,100,616992300,1
502.000259,1,5020,100,617020000,1
502.100003,1,5021,100,617003100,1
502.200318,1,5022,100,617003100,1
502.300039,1,5023,100,616967900,1
502.399891,1,5024,100,616967900,1
502.499890,1,5025,100,616967900,1
502.609592,1,5026,100,616967900,1
502.700542,1,5027,100,616967900,1
502.800035,1,5028,100,616967900,1
502.899956,1,5029,100,616967900,1
503.000150,1,5030,100,616967900,1
503.101207,1,5031,100,616967900,1
503.199900,1,5032,100,616967900,1
503.300282,1,5033,100,616962900,1
503.399938,1,5034,100,616938900,1
503.499978,1,5035,100,616938900,1
503.600162,1,5036,100,616938900,1
503.700054,1,5037,100,616938900,1
503.800104,1,5038,100,616938900,1
503.899911,1,5039,100,616938900,1
503.999912,1,5040,100,616938900,1
504.099951,1,5041,100,616938900,1
504.200088,1,5042,100,616938900,1
504.300105,1,5043,100,616938900,1
504.400136,1,5044,100,616938900,1
504.499853,1,5045,100,616938900,1
504.600155,1,5046,100,616948200,1
504.700257,1,5047,100,616994000,1
504.801249,1,5048,100,617020000,1
504.900008,1,5049,100,617023200,1
505.000078,1,5050,100,617026600,1
505.100223,1,5051,100,617026600,1
505.200120,1,5052,100,617026600,1
505.304938,1,5053,100,617040000,1
505.400139,1,5054,100,617040000,1
505.500251,1,5055,100,617026600,1
505.600010,1,5056,100,617026600,1
505.700122,1,5057,100,617026600,1
505.800267,1,5058,100,616994100,1
505.899877,1,5059,100,616994100,1
505.999926,1,5060,100,616963300,1
506.100185,1,5061,100,616963300,1
506.199893,1,5062,100,616963300,1
506.299904,1,5063,100,616963300,1
506.400103,1,5064,100,616920100,1
506.500866,1,5065,100,616929600,1
506.600303,1,5066,100,616963300,1
506.700357,1,5067,100,616963300,1
506.800146,1,5068,100,616963300,1
506.899914,1,5069,100,616963300,1
507.000183,1,5070,100,616963300,1
507.100108,1,5071,100,616963300,1
507.212118,1,5072,100,616963300,1
507.304686,1,5073,100,616963300,1
507.400347,1,5074,100,616963300,1
507.500444,1,5075,100,617023300,1
507.600021,1,5076,100,617023300,1
507.699867,1,5077,100,617023300,1
507.804067,1,5078,100,617023300,1
507.900230,1,5079,100,617023300,1
507.999927,1,5080,100,617023300,1
508.101173,1,5081,100,617129200,1
508.199932,1,5082,100,617129200,1
508.300195,1,5083,100,617129200,1
508.399894,1,5084,100,617129200,1
508.499808,1,5085,100,617129200,1
508.600038,1,5086,100,617129200,1
508.699967,1,5087,100,617129200,1
508.800443,1,5088,100,617129200,1
508.900017,1,5089,100,617129200,1
509.000251,1,5090,100,617129200,1
509.102908,1,5091,100,617099900,1
509.200171,1,5092,100,617055500,1
509.299917,1,5093,100,617023400,1
509.400329,1,5094,100,617023400,1
509.500554,1,5095,100,616946300,1
509.603230,1,5096,100,616946300,1
509.700165,1,5097,100,616946300,1
509.800049,1,5098,100,616946300,1
509.900206,1,5099,100,616946300,1
509.999954,1,5100,100,616946300,1
510.099928,1,5101,100,616973000,1
510.200005,1,5102,100,616973000,1
510.300061,1,5103,100,616973000,1
510.400047,1,5104,100,616933000,1
510.499896,1,5105,100,616933000,1
510.600837,1,5106,100,616933000,1
510.700020,1,5107,100,616933000,1
510.799979,1,5108,100,616933000,1
510.900018,1,5109,100,616933000,1
511.000086,1,5110,100,616933000,1
511.102220,1,5111,100,616933000,1
511.200387,1,5112,100,616900100,1
511.300358,1,5113,100,616900100,1
511.400136,1,5114,100,616900100,1
511.500929,1,5115,100,616900100,1
511.608956,1,5116,100,616880100,1
511.700428,1,5117,100,616880100,1
511.800395,1,5118,100,616880100,1
511.900081,1,5119,100,616840100,1
512.000234,1,5120,100,616820100,1
512.099902,1,5121,100,616820100,1
512.202250,1,5122,100,616800100,1
512.300329,1,5123,100,616762400,1
512.400345,1,5124,100,616760100,1
512.500147,1,5125,100,616760100,1
512.601403,1,5126,100,616760100,1
512.700281,1,5127,100,616760100,1
512.800079,1,5128,100,616760100,1
512.899985,1,5129,100,616760100,1
512.999985,1,5130,100,616760100,1
513.100245,1,5131,100,616740100,1
513.200385,1,5132,100,616680100,1
513.300327,1,5133,100,616680100,1
513.400049,1,5134,100,616680100,1
513.500440,1,5135,100,616680100,1
513.599993,1,5136,100,616680100,1
513.700217,1,5137,100,616660300,1
513.800282,1,5138,100,616660300,1
513.899976,1,5139,100,616660200,1
514.000016,1,5140,100,616660200,1
514.100185,1,5141,100,616660100,1
514.199994,1,5142,100,616660100,1
514.300137,1,5143,100,616660100,1
514.400117,1,5144,100,616660100,1
514.500385,1,5145,100,616660100,1
514.600205,1,5146,100,616660100,1
514.705247,1,5147,100,616640100,1
514.800562,1,5148,100,616600100,1
514.900046,1,5149,100,616600100,1
515.002789,1,5150,100,616567300,1
515.106194,1,5151,100,616528500,1
515.200295,1,5152,100,616511800,1
515.299959,1,5153,100,616511800,1
515.401262,1,5154,100,616492900,1
515.500038,1,5155,100,616431600,1
515.600619,1,5156,100,616400100,1
515.702534,1,5157,100,616400100,1
515.800120,1,5158,100,616400100,1
515.900104,1,5159,100,616380700,1
515.999999,1,5160,100,616380100,1
516.100191,1,5161,100,616360100,1
516.202998,1,5162,100,616340100,1
516.300714,1,5163,100,616340100,1
516.403679,1,5164,100,616340100,1
516.500452,1,5165,100,616315200,1
516.600757,1,5166,100,616302300,1
516.699896,1,5167,100,616302200,1
516.800022,1,5168,100,616302200,1
516.900322,1,5169,100,616302100,1
517.000155,1,5170,100,616340100,1
517.100336,1,5171,100,616386600,1
517.200210,1,5172,100,616389300,1
517.300101,1,5173,100,616392300,1
517.400394,1,5174,100,616392400,1
517.500389,1,5175,100,616392400,1
517.601081,1,5176,100,616392400,1
517.700035,1,5177,100,616392400,1
517.800733,1,5178,100,616392400,1
517.900345,1,5179,100,616392400,1
518.000082,1,5180,100,616392400,1
518.099886,1,5181,100,616392400,1
518.200350,1,5182,100,616392400,1
518.301287,1,5183,100,616392400,1
518.399950,1,5184,100,616392400,1
518.500345,1,5185,100,616392400,1
518.600092,1,5186,100,616392400,1
518.700225,1,5187,100,616392400,1
518.800217,1,5188,100,616392400,1
518.900032,1,5189,100,616392400,1
518.999963,1,5190,100,616392400,1
519.100079,1,5191,100,616392400,1
519.200020,1,5192,100,616392400,1
519.299981,1,5193,100,616392400,1
519.400174,1,5194,100,616351100,1
519.500216,1,5195,100,616351100,1
519.600008,1,5196,100,616351100,1
519.700240,1,5197,100,616351100,1
519.800098,1,5198,100,616351100,1
519.900143,1,5199,100,616351100,1
520.000247,1,5200,100,616351100,1
520.100733,1,5201,100,616351100,1
520.202392,1,5202,100,616389900,1
520.300136,1,5203,100,616460300,1
520.400046,1,5204,100,616460300,1
520.500098,1,5205,100,616460300,1
520.600132,1,5206,100,616460300,1
520.700253,1,5207,100,616460300,1
520.800348,1,5208,100,616460300,1
520.900015,1,5209,100,616460300,1
521.000043,1,5210,100,616460300,1
521.100743,1,5211,100,616460300,1
521.200131,1,5212,100,616460300,1
521.300245,1,5213,100,616460300,1
521.404354,1,5214,100,616460300,1
521.500045,1,5215,100,616428100,1
521.600529,1,5216,100,616408900,1
521.700425,1,5217,100,616408900,1
521.801055,1,5218,100,616380100,1
521.900096,1,5219,100,616380100,1
522.000263,1,5220,100,616380100,1
522.100155,1,5221,100,616380100,1
522.200031,1,5222,100,616380100,1
522.308017,1,5223,100,616378800,1
522.401813,1,5224,100,616315800,1
522.500263,1,5225,100,616315800,1
522.600610,1,5226,100,616315800,1
522.701241,1,5227,100,616315800,1
522.800263,1,5228,100,616315800,1
522.900267,1,5229,100,616315800,1
523.000242,1,5230,100,616315800,1
523.100063,1,5231,100,616315800,1
523.200386,1,5232,100,616333600,1
523.300221,1,5233,100,616333600,1
523.400208,1,5234,100,616379000,1
523.500099,1,5235,100,616379000,1
523.600622,1,5236,100,616451700,1
523.699955,1,5237,100,616451700,1
523.800241,1,5238,100,616451700,1
523.900068,1,5239,100,616451700,1
523.999781,1,5240,100,616451700,1
524.101883,1,5241,100,616451700,1
524.200083,1,5242,100,616451700,1
524.299908,1,5243,100,616451700,1
524.403146,1,5244,100,616451700,1
524.500327,1,5245,100,616451700,1
524.600385,1,5246,100,616451700,1
524.700170,1,5247,100,616451700,1
524.800525,1,5248,100,616422100,1
524.900209,1,5249,100,616380300,1
525.002146,1,5250,100,616380300,1
525.100202,1,5251,100,616357500,1
525.200150,1,5252,100,616357500,1
525.299923,1,5253,100,616357500,1
525.399986,1,5254,100,616357500,1
525.501202,1,5255,100,616333800,1
525.600064,1,5256,100,616333800,1
525.702211,1,5257,100,616333800,1
525.800073,1,5258,100,616333800,1
525.900154,1,5259,100,616377300,1
526.000267,1,5260,100,616377300,1
526.100015,1,5261,100,616451100,1
526.200150,1,5262,100,616468200,1
526.300144,1,5263,100,616505600,1
526.400572,1,5264,100,616505600,1
526.500223,1,5265,100,616460400,1
526.601302,1,5266,100,616460400,1
526.701154,1,5267,100,616460500,1
526.799960,1,5268,100,616460500,1
526.900200,1,5269,100,616460500,1
526.999879,1,5270,100,616460500,1
527.100016,1,5271,100,616460500,1
527.199980,1,5272,100,616445300,1
527.300258,1,5273,100,616445300,1
527.400015,1,5274,100,616445300,1
527.500073,1,5275,100,616445300,1
527.600050,1,5276,100,616445300,1
527.700495,1,5277,100,616445300,1
527.799918,1,5278,100,616445300,1
527.900128,1,5279,100,616445300,1
527.999894,1,5280,100,616445300,1
528.100026,1,5281,100,616445300,1
528.200268,1,5282,100,616445300,1
528.300115,1,5283,100,616445300,1
528.400234,1,5284,100,616445300,1
528.500474,1,5285,100,616445300,1
528.600581,1,5286,100,616445300,1
528.700835,1,5287,100,616385400,1
528.800150,1,5288,100,616385400,1
528.900148,1,5289,100,616333900,1
529.000120,1,5290,100,616333900,1
529.100282,1,5291,100,616333900,1
529.200459,1,5292,100,616333900,1
529.307413,1,5293,100,616305500,1
529.400278,1,5294,100,616302200,1
529.500267,1,5295,100,616302100,1
529.600376,1,5296,100,616302100,1
529.699917,1,5297,100,616302100,1
529.800160,1,5298,100,616302100,1
529.900095,1,5299,100,616380500,1
530.000043,1,5300,100,616380500,1
530.100158,1,5301,100,616380500,1
530.200099,1,5302,100,616380500,1
530.300143,1,5303,100,616380500,1
530.400020,1,5304,100,616380500,1
530.499999,1,5305,100,616380400,1
530.600751,1,5306,100,616347200,1
530.700440,1,5307,100,616347200,1
530.808226,1,5308,100,616228000,1
530.900482,1,5309,100,616227900,1
531.003452,1,5310,100,616100100,1
531.100905,1,5311,100,616060100,1
531.200528,1,5312,100,616060100,1
531.300158,1,5313,100,616060100,1
531.400198,1,5314,100,616050200,1
531.500389,1,5315,100,616078700,1
531.601589,1,5316,100,616078700,1
531.700345,1,5317,100,616078700,1
531.800240,1,5318,100,616078700,1
531.899989,1,5319,100,616078700,1
532.000177,1,5320,100,616078700,1
532.099962,1,5321,100,616078700,1
532.200170,1,5322,100,616078700,1
532.300201,1,5323,100,616078700,1
532.400479,1,5324,100,616017000,1
532.500117,1,5325,100,616017000,1
532.602449,1,5326,100,616017000,1
532.700229,1,5327,100,616017000,1
532.800844,1,5328,100,616017000,1
532.900339,1,5329,100,616076900,1
533.002206,1,5330,100,616120100,1
533.100147,1,5331,100,616120100,1
533.200210,1,5332,100,616120100,1
533.300089,1,5333,100,616120100,1
533.400153,1,5334,100,616120100,1
533.500014,1,5335,100,616120100,1
533.600708,1,5336,100,616054700,1
533.701251,1,5337,100,616054700,1
533.800347,1,5338,100,616054700,1
533.900889,1,5339,100,616022400,1
534.000141,1,5340,100,616022400,1
534.099993,1,5341,100,616022400,1
534.200281,1,5342,100,616022400,1
534.299913,1,5343,100,616109700,1
534.400198,1,5344,100,616109700,1
534.500206,1,5345,100,616109700,1
534.600256,1,5346,100,616109700,1
534.700112,1,5347,100,616109700,1
534.800103,1,5348,100,616109700,1
534.907464,1,5349,100,616200000,1
535.000279,1,5350,100,616263500,1
535.100290,1,5351,100,616280000,1
535.200094,1,5352,100,616300000,1
535.303223,1,5353,100,616338800,1
535.400117,1,5354,100,616391500,1
535.500235,1,5355,100,616391500,1
535.600699,1,5356,100,616391500,1
535.700416,1,5357,100,616420000,1
535.800318,1,5358,100,616420000,1
535.900863,1,5359,100,616480000,1
536.000780,1,5360,100,616480000,1
536.100078,1,5361,100,616569500,1
536.200801,1,5362,100,616569500,1
536.300192,1,5363,100,616569500,1
536.401350,1,5364,100,616500000,1
536.500431,1,5365,100,616500000,1
536.600527,1,5366,100,616500000,1
536.700087,1,5367,100,616500000,1
536.800367,1,5368,100,616500000,1
536.900237,1,5369,100,616500000,1
537.000423,1,5370,100,616560300,1
537.100499,1,5371,100,616560300,1
537.200431,1,5372,100,616560300,1
537.300037,1,5373,100,616560300,1
537.400081,1,5374,100,616505900,1
537.500070,1,5375,100,616505900,1
537.600242,1,5376,100,616505900,1
537.700343,1,5377,100,616445300,1
537.802373,1,5378,100,616460400,1
537.900322,1,5379,100,616489600,1
538.000578,1,5380,100,616489600,1
538.100287,1,5381,100,616528700,1
538.200045,1,5382,100,616528700,1
538.300064,1,5383,100,616549700,1
538.400175,1,5384,100,616549700,1
538.506274,1,5385,100,616549700,1
538.605951,1,5386,100,616549700,1
538.700099,1,5387,100,616549700,1
538.800748,1,5388,100,616549700,1
538.900002,1,5389,100,616549700,1
539.002267,1,5390,100,616549700,1
539.100139,1,5391,100,616549700,1
539.200605,1,5392,100,616509700,1
539.300222,1,5393,100,616509700,1
539.400249,1,5394,100,616509700,1
539.501262,1,5395,100,616460400,1
539.600505,1,5396,100,616460400,1
539.700056,1,5397,100,616460400,1
539.801257,1,5398,100,616460400,1
539.900014,1,5399,100,616460400,1
540.000051,1,5400,100,616460400,1
540.100114,1,5401,100,616460400,1
540.200144,1,5402,100,616460400,1
540.300134,1,5403,100,616460400,1
540.400012,1,5404,100,616460400,1
540.500129,1,5405,100,616460400,1
540.601283,1,5406,100,616460400,1
540.702257,1,5407,100,616445400,1
540.800356,1,5408,100,616445300,1
540.900222,1,5409,100,616380100,1
541.000146,1,5410,100,616380000,1
541.100172,1,5411,100,616380000,1
541.200202,1,5412,100,616379900,1
541.300096,1,5413,100,616379900,1
541.400139,1,5414,100,616340100,1
541.500204,1,5415,100,616340100,1
541.600610,1,5416,100,616340000,1
541.700132,1,5417,100,616340000,1
541.800120,1,5418,100,616340000,1
541.900046,1,5419,100,616340000,1
542.000175,1,5420,100,616340000,1
542.100066,1,5421,100,616340000,1
542.200498,1,5422,100,616340000,1
542.300160,1,5423,100,616339900,1
542.409056,1,5424,100,616300100,1
542.516523,1,5425,100,616240100,1
542.602077,1,5426,100,616220600,1
542.700236,1,5427,100,616171600,1
542.800356,1,5428,100,616124400,1
542.900340,1,5429,100,616109700,1
543.000195,1,5430,100,616060100,1
543.100112,1,5431,100,616040100,1
543.212765,1,5432,100,615950700,1
543.300509,1,5433,100,615948300,1
543.400591,1,5434,100,615820100,1
543.502728,1,5435,100,615820100,1
543.602780,1,5436,100,615820100,1
543.700279,1,5437,100,615780100,1
543.804374,1,5438,100,615753700,1
543.909912,1,5439,100,615721000,1
544.000607,1,5440,100,615680200,1
544.100607,1,5441,100,615680200,1
544.200686,1,5442,100,615680200,1
544.379830,1,5443,100,615491200,1
544.505245,1,5444,100,615491200,1
544.567301,1,5445,100,615491200,1
544.634114,1,5446,100,615491200,1
544.700353,1,5447,100,615491200,1
544.801223,1,5448,100,615495900,1
544.901246,1,5449,100,615555400,1
545.001370,1,5450,100,615564500,1
545.101205,1,5451,100,615588600,1
545.200279,1,5452,100,615555400,1
545.300460,1,5453,100,615546300,1
545.400242,1,5454,100,615495900,1
545.500418,1,5455,100,615495900,1
545.604140,1,5456,100,615546300,1
545.702599,1,5457,100,615546300,1
545.800169,1,5458,100,615546300,1
545.900008,1,5459,100,615546300,1
546.000242,1,5460,100,615546300,1
546.103562,1,5461,100,615546300,1
546.200907,1,5462,100,615546300,1
546.300231,1,5463,100,615491200,1
546.400994,1,5464,100,615491200,1
546.500532,1,5465,100,615491200,1
546.601173,1,5466,100,615491200,1
546.700253,1,5467,100,615491200,1
546.800272,1,5468,100,615440100,1
546.900404,1,5469,100,615440100,1
547.002268,1,5470,100,615440100,1
547.101312,1,5471,100,615440100,1
547.200034,1,5472,100,615440100,1
547.300039,1,5473,100,615464400,1
547.400130,1,5474,100,615464400,1
547.500373,1,5475,100,615440400,1
547.601218,1,5476,100,615440400,1
547.699965,1,5477,100,615440400,1
547.801209,1,5478,100,615440400,1
547.900205,1,5479,100,615440400,1
547.999983,1,5480,100,615440400,1
548.100875,1,5481,100,615440400,1
548.200253,1,5482,100,615440400,1
548.300119,1,5483,100,615440400,1
548.400417,1,5484,100,615480100,1
548.500406,1,5485,100,615480100,1
548.600283,1,5486,100,615480100,1
548.700423,1,5487,100,615480100,1
548.802333,1,5488,100,615471400,1
548.900393,1,5489,100,615471400,1
549.000135,1,5490,100,615471400,1
549.100499,1,5491,100,615480100,1
549.200137,1,5492,100,615480100,1
549.300192,1,5493,100,615471400,1
549.400329,1,5494,100,615471300,1
549.500123,1,5495,100,615440500,1
549.600230,1,5496,100,615440500,1
549.699967,1,5497,100,615440500,1
549.800280,1,5498,100,615440500,1
549.900124,1,5499,100,615440500,1
550.000333,1,5500,100,615440500,1
550.102251,1,5501,100,615440500,1
550.200491,1,5502,100,615440500,1
550.300246,1,5503,100,615440500,1
550.400269,1,5504,100,615440500,1
550.500429,1,5505,100,615486400,1
550.600335,1,5506,100,615486400,1
550.700161,1,5507,100,615486400,1
550.800389,1,5508,100,615486400,1
550.900181,1,5509,100,615486400,1
551.000387,1,5510,100,615440500,1
551.100344,1,5511,100,615440500,1
551.200235,1,5512,100,615440100,1
551.300090,1,5513,100,615440100,1
551.400057,1,5514,100,615440100,1
551.500137,1,5515,100,615440100,1
551.601207,1,5516,100,615440100,1
551.700267,1,5517,100,615440100,1
551.800082,1,5518,100,615440100,1
551.900256,1,5519,100,615440100,1
552.000244,1,5520,100,615440100,1
552.100322,1,5521,100,615440100,1
552.200245,1,5522,100,615440100,1
552.300756,1,5523,100,615440100,1
552.400089,1,5524,100,615440100,1
552.500017,1,5525,100,615440100,1
552.600123,1,5526,100,615440100,1
552.701328,1,5527,100,615440100,1
552.808065,1,5528,100,615440100,1
552.923163,1,5529,100,615440100,1
553.010800,1,5530,100,615440100,1
553.120161,1,5531,100,615440100,1
553.215234,1,5532,100,615440100,1
553.305812,1,5533,100,615430800,1
553.407588,1,5534,100,615185700,1
553.500978,1,5535,100,615231100,1
553.600585,1,5536,100,615293200,1
553.708723,1,5537,100,615293200,1
553.801538,1,5538,100,615293200,1
553.900132,1,5539,100,615293200,1
554.000401,1,5540,100,615293200,1
554.100185,1,5541,100,615293200,1
554.201047,1,5542,100,615293200,1
554.301146,1,5543,100,615293200,1
554.400194,1,5544,100,615293200,1
554.500206,1,5545,100,615293200,1
554.613308,1,5546,100,615400500,1
554.700518,1,5547,100,615438700,1
554.800386,1,5548,100,615438700,1
554.900050,1,5549,100,615438700,1
555.000255,1,5550,100,615438700,1
555.100519,1,5551,100,615438700,1
555.200602,1,5552,100,615514700,1
555.300538,1,5553,100,615600000,1
555.400446,1,5554,100,615713700,1
555.500146,1,5555,100,615713700,1
555.600757,1,5556,100,615713700,1
555.700407,1,5557,100,615761700,1
555.800177,1,5558,100,615808500,1
555.900295,1,5559,100,615808500,1
556.000111,1,5560,100,615808500,1
556.100241,1,5561,100,615808500,1
556.200359,1,5562,100,615808500,1
556.300300,1,5563,100,615808500,1
556.400368,1,5564,100,615775700,1
556.500720,1,5565,100,615731600,1
556.601484,1,5566,100,615731600,1
556.700589,1,5567,100,615731600,1
556.800210,1,5568,100,615731600,1
556.900337,1,5569,100,615731600,1
557.000635,1,5570,100,615760000,1
557.100398,1,5571,100,615770900,1
557.200408,1,5572,100,615770900,1
557.300173,1,5573,100,615770900,1
557.400157,1,5574,100,615770900,1
557.500043,1,5575,100,615770900,1
557.600337,1,5576,100,615770900,1
557.700567,1,5577,100,615770900,1
557.800411,1,5578,100,615793200,1
557.901217,1,5579,100,615793200,1
558.000244,1,5580,100,615793200,1
558.100361,1,5581,100,615793200,1
558.200907,1,5582,100,615793200,1
558.300251,1,5583,100,615751000,1
558.400552,1,5584,100,615751000,1
558.502717,1,5585,100,615750900,1
558.601225,1,5586,100,615707400,1
558.700510,1,5587,100,615648100,1
558.800237,1,5588,100,615648100,1
558.900177,1,5589,100,615648100,1
558.999978,1,5590,100,615648100,1
559.101199,1,5591,100,615648100,1
559.200582,1,5592,100,615648200,1
559.300272,1,5593,100,615638600,1
559.400367,1,5594,100,615618700,1
559.500275,1,5595,100,615618600,1
559.600875,1,5596,100,615618600,1
559.702212,1,5597,100,615618600,1
559.800216,1,5598,100,615618600,1
559.900356,1,5599,100,615618600,1
560.000130,1,5600,100,615618600,1
560.100423,1,5601,100,615618600,1
560.201207,1,5602,100,615618600,1
560.300132,1,5603,100,615618600,1
560.400521,1,5604,100,615618600,1
560.500015,1,5605,100,615618500,1
560.600209,1,5606,100,615618500,1
560.702477,1,5607,100,615566200,1
560.800241,1,5608,100,615566200,1
560.900667,1,5609,100,615566200,1
561.000234,1,5610,100,615566200,1
561.100255,1,5611,100,615566100,1
561.200511,1,5612,100,615522500,1
561.300341,1,5613,100,615522500,1
561.400749,1,5614,100,615496600,1
561.501431,1,5615,100,615496600,1
561.600388,1,5616,100,615496600,1
561.700186,1,5617,100,615496600,1
561.800459,1,5618,100,615496600,1
561.900181,1,5619,100,615496600,1
562.000457,1,5620,100,615505900,1
562.100391,1,5621,100,615578300,1
562.200514,1,5622,100,615578300,1
562.300277,1,5623,100,615578300,1
562.401204,1,5624,100,615587600,1
562.500409,1,5625,100,615587600,1
562.600619,1,5626,100,615587600,1
562.700778,1,5627,100,615587600,1
562.801220,1,5628,100,615560100,1
562.900194,1,5629,100,615544800,1
563.000758,1,5630,100,615506000,1
563.100354,1,5631,100,615499500,1
563.201214,1,5632,100,615499400,1
563.300739,1,5633,100,615462200,1
563.400426,1,5634,100,615453400,1
563.500358,1,5635,100,615453400,1
563.601577,1,5636,100,615453400,1
563.700357,1,5637,100,615453400,1
563.800233,1,5638,100,615453400,1
563.902209,1,5639,100,615453400,1
564.000367,1,5640,100,615430900,1
564.101116,1,5641,100,615275800,1
564.200196,1,5642,100,615275800,1
564.300349,1,5643,100,615275800,1
564.400048,1,5644,100,615275800,1
564.500109,1,5645,100,615275800,1
564.605259,1,5646,100,615275800,1
564.701259,1,5647,100,615275800,1
564.801213,1,5648,100,615275800,1
564.900791,1,5649,100,615254300,1
565.000362,1,5650,100,615220100,1
565.100422,1,5651,100,615185700,1
565.200366,1,5652,100,615160100,1
565.300413,1,5653,100,615160100,1
565.400212,1,5654,100,615160100,1
565.500497,1,5655,100,615160100,1
565.600818,1,5656,100,615160100,1
565.701242,1,5657,100,615160100,1
565.800232,1,5658,100,615160100,1
565.900185,1,5659,100,615140100,1
566.000289,1,5660,100,615140100,1
566.100486,1,5661,100,615110100,1
566.200174,1,5662,100,615110100,1
566.300229,1,5663,100,615040100,1
566.400457,1,5664,100,615040100,1
566.500211,1,5665,100,615040100,1
566.600784,1,5666,100,615000100,1
566.700109,1,5667,100,615000100,1
566.800447,1,5668,100,615057500,1
566.900774,1,5669,100,615106900,1
567.000376,1,5670,100,615106900,1
567.100572,1,5671,100,615106900,1
567.200215,1,5672,100,615106900,1
567.300347,1,5673,100,615106900,1
567.400126,1,5674,100,615106900,1
567.500378,1,5675,100,615106900,1
567.600183,1,5676,100,615106900,1
567.700336,1,5677,100,615106900,1
567.800382,1,5678,100,615106900,1
567.900799,1,5679,100,615106900,1
568.000202,1,5680,100,615106900,1
568.101259,1,5681,100,615106900,1
568.200197,1,5682,100,615106900,1
568.301202,1,5683,100,615106900,1
568.400233,1,5684,100,615106900,1
568.505752,1,5685,100,615076000,1
568.602245,1,5686,100,615048600,1
568.700412,1,5687,100,615076000,1
568.800228,1,5688,100,615076000,1
568.900450,1,5689,100,615076000,1
569.000085,1,5690,100,615076000,1
569.101021,1,5691,100,615076000,1
569.200435,1,5692,100,615076000,1
569.300512,1,5693,100,615076000,1
569.400191,1,5694,100,615076000,1
569.500151,1,5695,100,615076000,1
569.600480,1,5696,100,615076000,1
569.702959,1,5697,100,615101400,1
569.800149,1,5698,100,615101400,1
569.900553,1,5699,100,615101400,1
570.000272,1,5700,100,615101400,1
570.104328,1,5701,100,615101400,1
570.200099,1,5702,100,615101400,1
570.300311,1,5703,100,615101400,1
570.400695,1,5704,100,615164400,1
570.500217,1,5705,100,615215600,1
570.601078,1,5706,100,615245100,1
570.700385,1,5707,100,615260800,1
570.800255,1,5708,100,615260900,1
570.900308,1,5709,100,615260900,1
571.000363,1,5710,100,615307600,1
571.100151,1,5711,100,615307600,1
571.200416,1,5712,100,615307600,1
571.300235,1,5713,100,615307600,1
571.400365,1,5714,100,615307600,1
571.500194,1,5715,100,615307600,1
571.600468,1,5716,100,615307600,1
571.703950,1,5717,100,615307600,1
571.800285,1,5718,100,615307600,1
571.900355,1,5719,100,615307600,1
572.000126,1,5720,100,615307600,1
572.100210,1,5721,100,615307600,1
572.200333,1,5722,100,615366400,1
572.300158,1,5723,100,615366400,1
572.400192,1,5724,100,615366400,1
572.500045,1,5725,100,615366400,1
572.600407,1,5726,100,615395700,1
572.700307,1,5727,100,615395700,1
572.800309,1,5728,100,615395700,1
572.900442,1,5729,100,615395700,1
573.000332,1,5730,100,615395700,1
573.100933,1,5731,100,615395700,1
573.201718,1,5732,100,615330400,1
573.300160,1,5733,100,615285900,1
573.400315,1,5734,100,615285900,1
573.500333,1,5735,100,615285900,1
573.600446,1,5736,100,615285900,1
573.701216,1,5737,100,615285900,1
573.800400,1,5738,100,615285900,1
573.900397,1,5739,100,615285900,1
574.000232,1,5740,100,615330400,1
574.100261,1,5741,100,615330400,1
574.200263,1,5742,100,615330400,1
574.300364,1,5743,100,615290400,1
574.400472,1,5744,100,615260800,1
574.500219,1,5745,100,615230100,1
574.600404,1,5746,100,615230100,1
574.700194,1,5747,100,615230100,1
574.800462,1,5748,100,615230100,1
574.900193,1,5749,100,615230100,1
575.000385,1,5750,100,615230100,1
575.100159,1,5751,100,615230100,1
575.200658,1,5752,100,615124200,1
575.300306,1,5753,100,615124200,1
575.400321,1,5754,100,615124200,1
575.500201,1,5755,100,615124200,1
575.600463,1,5756,100,615124200,1
575.700301,1,5757,100,615124200,1
575.801203,1,5758,100,615124200,1
575.900461,1,5759,100,615124200,1
576.000399,1,5760,100,615062600,1
576.100335,1,5761,100,615062600,1
576.203473,1,5762,100,615062600,1
576.300401,1,5763,100,615019000,1
576.400383,1,5764,100,615019000,1
576.500711,1,5765,100,615019000,1
576.600944,1,5766,100,615019000,1
576.700370,1,5767,100,615062600,1
576.800578,1,5768,100,615062600,1
576.901282,1,5769,100,615062600,1
577.000435,1,5770,100,615062600,1
577.102234,1,5771,100,615062600,1
577.201603,1,5772,100,615000100,1
577.318665,1,5773,100,615000100,1
577.400294,1,5774,100,614982700,1
577.500358,1,5775,100,614980100,1
577.600459,1,5776,100,614980100,1
577.700481,1,5777,100,614980100,1
577.800514,1,5778,100,614980100,1
577.900329,1,5779,100,614980100,1
578.000328,1,5780,100,614980100,1
578.100467,1,5781,100,614980100,1
578.201210,1,5782,100,614980100,1
578.300284,1,5783,100,614980100,1
578.401568,1,5784,100,614960200,1
578.500360,1,5785,100,614960200,1
578.601442,1,5786,100,614960200,1
578.700315,1,5787,100,614960200,1
578.800431,1,5788,100,614960200,1
578.900124,1,5789,100,614960200,1
579.006490,1,5790,100,614930000,1
579.100572,1,5791,100,614930000,1
579.200306,1,5792,100,614930000,1
579.300582,1,5793,100,614926900,1
579.400051,1,5794,100,614926900,1
579.502020,1,5795,100,614926900,1
579.600528,1,5796,100,614926900,1
579.700315,1,5797,100,614926900,1
579.800578,1,5798,100,614926900,1
579.900428,1,5799,100,614926900,1
580.000456,1,5800,100,614926900,1
580.100410,1,5801,100,614926900,1
580.200558,1,5802,100,614926900,1
580.300406,1,5803,100,614926900,1
580.400283,1,5804,100,614926900,1
580.500320,1,5805,100,614926900,1
580.601432,1,5806,100,614926900,1
580.700332,1,5807,100,614926900,1
580.800425,1,5808,100,614926900,1
580.900592,1,5809,100,614926900,1
581.001265,1,5810,100,614926900,1
581.100517,1,5811,100,614926900,1
581.200376,1,5812,100,614926900,1
581.300247,1,5813,100,614926900,1
581.400990,1,5814,100,614926900,1
581.500429,1,5815,100,614926900,1
581.600945,1,5816,100,614926900,1
581.701691,1,5817,100,614926900,1
581.801248,1,5818,100,614926900,1
581.901086,1,5819,100,615014400,1
582.000285,1,5820,100,615057300,1
582.100066,1,5821,100,615057300,1
582.200336,1,5822,100,615057300,1
582.300445,1,5823,100,615057200,1
582.400352,1,5824,100,614933300,1
582.500324,1,5825,100,614933300,1
582.600447,1,5826,100,614933300,1
582.700649,1,5827,100,614933300,1
582.801199,1,5828,100,614933300,1
582.901451,1,5829,100,614933300,1
583.000406,1,5830,100,614933300,1
583.100222,1,5831,100,614933300,1
583.200406,1,5832,100,614933300,1
583.300405,1,5833,100,614933300,1
583.400282,1,5834,100,614933300,1
583.500348,1,5835,100,614933300,1
583.600541,1,5836,100,614933300,1
583.704507,1,5837,100,614933300,1
583.800523,1,5838,100,614933300,1
583.901201,1,5839,100,614933300,1
584.001248,1,5840,100,614933300,1
584.101281,1,5841,100,614933300,1
584.200161,1,5842,100,614933300,1
584.300195,1,5843,100,614933300,1
584.400924,1,5844,100,614920100,1
584.501151,1,5845,100,614920100,1
584.600314,1,5846,100,614920100,1
584.700649,1,5847,100,614920100,1
584.800285,1,5848,100,614920100,1
584.900437,1,5849,100,614920100,1
585.000148,1,5850,100,614920100,1
585.101192,1,5851,100,614920100,1
585.200291,1,5852,100,614920100,1
585.300261,1,5853,100,614920100,1
585.400452,1,5854,100,614920100,1
585.500330,1,5855,100,614920100,1
585.600411,1,5856,100,614920100,1
585.700471,1,5857,100,614920100,1
585.800226,1,5858,100,614920100,1
585.900307,1,5859,100,614920100,1
586.000730,1,5860,100,614920100,1
586.100455,1,5861,100,614880100,1
586.200427,1,5862,100,614880100,1
586.300195,1,5863,100,614880100,1
586.400406,1,5864,100,614880100,1
586.501523,1,5865,100,614880100,1
586.600444,1,5866,100,614880100,1
586.700379,1,5867,100,614880100,1
586.800593,1,5868,100,614880100,1
586.900277,1,5869,100,614880100,1
587.000444,1,5870,100,614880100,1
587.100247,1,5871,100,614880100,1
587.200280,1,5872,100,614880100,1
587.300253,1,5873,100,614880100,1
587.400757,1,5874,100,614880100,1
587.500177,1,5875,100,614880100,1
587.600298,1,5876,100,614880100,1
587.701757,1,5877,100,614880100,1
587.800222,1,5878,100,614880100,1
587.900166,1,5879,100,614920100,1
588.000298,1,5880,100,614920100,1
588.101199,1,5881,100,614920100,1
588.200637,1,5882,100,614920100,1
588.300877,1,5883,100,614920100,1
588.400238,1,5884,100,614920100,1
588.502244,1,5885,100,614920000,1
588.600628,1,5886,100,614919900,1
588.700530,1,5887,100,614919900,1
588.800113,1,5888,100,614919900,1
588.900249,1,5889,100,614880100,1
589.000546,1,5890,100,614880100,1
589.100324,1,5891,100,614880100,1
589.200467,1,5892,100,614913900,1
589.301123,1,5893,100,614972400,1
589.400301,1,5894,100,615027600,1
589.500420,1,5895,100,615027600,1
589.600795,1,5896,100,615018000,1
589.700380,1,5897,100,615018000,1
589.800264,1,5898,100,615018000,1
589.900381,1,5899,100,615018000,1
590.000323,1,5900,100,615018000,1
590.100312,1,5901,100,615018000,1
590.200219,1,5902,100,615018000,1
590.300255,1,5903,100,615018000,1
590.400243,1,5904,100,615018000,1
590.500631,1,5905,100,615018000,1
590.600289,1,5906,100,615018000,1
590.700705,1,5907,100,615018000,1
590.800488,1,5908,100,615018000,1
590.900365,1,5909,100,615018000,1
591.004430,1,5910,100,615036000,1
591.100441,1,5911,100,615104600,1
591.200483,1,5912,100,615153500,1
591.300495,1,5913,100,615235900,1
591.401216,1,5914,100,615235900,1
591.500684,1,5915,100,615235900,1
591.601202,1,5916,100,615235900,1
591.700458,1,5917,100,615235900,1
591.800208,1,5918,100,615235900,1
591.900531,1,5919,100,615184200,1
592.001032,1,5920,100,615124500,1
592.100890,1,5921,100,615110200,1
592.201828,1,5922,100,615110200,1
592.303112,1,5923,100,615110200,1
592.400235,1,5924,100,615110200,1
592.500310,1,5925,100,615110100,1
592.600612,1,5926,100,615110100,1
592.702214,1,5927,100,615082800,1
592.800573,1,5928,100,615082800,1
592.900233,1,5929,100,615082800,1
593.000409,1,5930,100,615110200,1
593.100603,1,5931,100,615184100,1
593.200248,1,5932,100,615184100,1
593.300487,1,5933,100,615184100,1
593.400235,1,5934,100,615184100,1
593.500380,1,5935,100,615120500,1
593.600979,1,5936,100,615120500,1
593.700385,1,5937,100,615120500,1
593.800766,1,5938,100,615120500,1
593.900416,1,5939,100,615120500,1
594.000284,1,5940,100,615120500,1
594.100215,1,5941,100,615120500,1
594.200412,1,5942,100,615120500,1
594.302210,1,5943,100,615120500,1
594.400388,1,5944,100,615120500,1
594.500735,1,5945,100,615120500,1
594.600461,1,5946,100,615120500,1
594.700282,1,5947,100,615120500,1
594.800618,1,5948,100,615120500,1
594.900200,1,5949,100,615120500,1
595.002235,1,5950,100,615053800,1
595.101649,1,5951,100,614986300,1
595.200546,1,5952,100,614986300,1
595.302912,1,5953,100,614986300,1
595.400384,1,5954,100,614986300,1
595.500447,1,5955,100,614996800,1
595.601820,1,5956,100,615023900,1
595.700492,1,5957,100,615083700,1
595.800542,1,5958,100,615131700,1
595.900266,1,5959,100,615131700,1
596.002012,1,5960,100,615120500,1
596.100531,1,5961,100,615061200,1
596.202213,1,5962,100,615061100,1
596.306685,1,5963,100,614959600,1
596.400481,1,5964,100,614933400,1
596.500397,1,5965,100,614923700,1
596.602407,1,5966,100,614891700,1
596.700358,1,5967,100,614891700,1
596.800381,1,5968,100,614886700,1
596.900315,1,5969,100,614886600,1
597.000275,1,5970,100,614886600,1
597.100480,1,5971,100,614886500,1
597.201206,1,5972,100,614886500,1
597.302835,1,5973,100,614886500,1
597.400400,1,5974,100,614880100,1
597.500507,1,5975,100,614880100,1
597.601878,1,5976,100,614880100,1
597.700405,1,5977,100,614880100,1
597.800333,1,5978,100,614880100,1
597.900229,1,5979,100,614880100,1
598.000495,1,5980,100,614880100,1
598.100451,1,5981,100,614880100,1
598.200415,1,5982,100,614880100,1
598.302084,1,5983,100,614880100,1
598.400301,1,5984,100,614880100,1
598.500171,1,5985,100,614880100,1
598.600493,1,5986,100,614880100,1
598.700335,1,5987,100,614880100,1
598.800303,1,5988,100,614880100,1
598.900361,1,5989,100,614880100,1
599.000331,1,5990,100,614880100,1
599.100427,1,5991,100,614880100,1
599.200375,1,5992,100,614880100,1
599.300710,1,5993,100,614880100,1
599.400435,1,5994,100,614880100,1
599.500416,1,5995,100,614929500,1
599.600531,1,5996,100,614929500,1
599.700189,1,5997,100,614929500,1
599.800283,1,5998,100,614929500,1
599.900338,1,5999,100,614929500,1
600.000323,1,6000,100,614929500,1
600.100500,1,6001,100,614929500,1
600.200716,1,6002,100,614893300,1
600.301310,1,6003,100,614880100,1
600.400563,1,6004,100,614880100,1
600.502460,1,6005,100,614893300,1
600.600703,1,6006,100,614893300,1
600.700662,1,6007,100,614893300,1
600.800220,1,6008,100,614893300,1
600.900361,1,6009,100,614893300,1
601.000270,1,6010,100,614893300,1
601.100594,1,6011,100,614893300,1
601.200365,1,6012,100,614893300,1
601.300331,1,6013,100,614893300,1
601.400405,1,6014,100,614893300,1
601.502853,1,6015,100,614840000,1
601.603702,1,6016,100,614740100,1
601.700561,1,6017,100,614740100,1
601.800602,1,6018,100,614720100,1
601.901720,1,6019,100,614720100,1
602.000761,1,6020,100,614688100,1
602.100414,1,6021,100,614688100,1
602.200382,1,6022,100,614688100,1
602.300492,1,6023,100,614688100,1
602.400438,1,6024,100,614688100,1
602.500545,1,6025,100,614719900,1
602.602188,1,6026,100,614782900,1
602.700279,1,6027,100,614782900,1
602.802118,1,6028,100,614782900,1
602.900273,1,6029,100,614782900,1
603.000584,1,6030,100,614706500,1
603.100461,1,6031,100,614688100,1
603.200867,1,6032,100,614632000,1
603.300447,1,6033,100,614620100,1
603.400481,1,6034,100,614620100,1
603.502551,1,6035,100,614620100,1
603.601804,1,6036,100,614620100,1
603.705715,1,6037,100,614560100,1
603.806733,1,6038,100,614560100,1
603.900544,1,6039,100,614520100,1
604.002027,1,6040,100,614478000,1
604.100612,1,6041,100,614451200,1
604.200573,1,6042,100,614420100,1
604.300322,1,6043,100,614420100,1
604.400369,1,6044,100,614420100,1
604.500394,1,6045,100,614420100,1
604.600937,1,6046,100,614420100,1
604.701354,1,6047,100,614420100,1
604.801121,1,6048,100,614420100,1
604.900479,1,6049,100,614420100,1
605.001512,1,6050,100,614420100,1
605.101390,1,6051,100,614420100,1
605.201042,1,6052,100,614420100,1
605.300690,1,6053,100,614420100,1
605.401134,1,6054,100,614420100,1
605.500300,1,6055,100,614420100,1
605.601270,1,6056,100,614420100,1
605.700372,1,6057,100,614420100,1
605.800234,1,6058,100,614420100,1
605.900782,1,6059,100,614420100,1
606.000460,1,6060,100,614420100,1
606.100329,1,6061,100,614420100,1
606.200389,1,6062,100,614420100,1
606.300377,1,6063,100,614400100,1
606.400423,1,6064,100,614400100,1
606.501616,1,6065,100,614400100,1
606.601777,1,6066,100,614500000,1
606.700371,1,6067,100,614500000,1
606.800312,1,6068,100,614449500,1
606.900408,1,6069,100,614449500,1
607.000291,1,6070,100,614440100,1
607.100754,1,6071,100,614440100,1
607.200680,1,6072,100,614420300,1
607.300537,1,6073,100,614420300,1
607.400359,1,6074,100,614420300,1
607.500738,1,6075,100,614420300,1
607.600443,1,6076,100,614420300,1
607.700699,1,6077,100,614420300,1
607.800435,1,6078,100,614420300,1
607.900395,1,6079,100,614420300,1
608.000340,1,6080,100,614420300,1
608.100387,1,6081,100,614420300,1
608.200384,1,6082,100,614420300,1
608.300521,1,6083,100,614420300,1
608.400463,1,6084,100,614400200,1
608.500493,1,6085,100,614400200,1
608.602893,1,6086,100,614374400,1
608.717963,1,6087,100,614217000,1
608.801065,1,6088,100,614246600,1
608.901252,1,6089,100,614293200,1
609.000627,1,6090,100,614320000,1
609.100491,1,6091,100,614320000,1
609.201424,1,6092,100,614320000,1
609.300473,1,6093,100,614320000,1
609.400316,1,6094,100,614320000,1
609.500453,1,6095,100,614320000,1
609.601538,1,6096,100,614320000,1
609.700638,1,6097,100,614333300,1
609.800575,1,6098,100,614333300,1
609.900331,1,6099,100,614333300,1
610.000720,1,6100,100,614333300,1
610.100440,1,6101,100,614413800,1
610.200570,1,6102,100,614421800,1
610.300384,1,6103,100,614421800,1
610.400495,1,6104,100,614456300,1
610.500431,1,6105,100,614456300,1
610.604270,1,6106,100,614556400,1
610.701803,1,6107,100,614583200,1
610.801114,1,6108,100,614644800,1
610.900526,1,6109,100,614644800,1
611.000589,1,6110,100,614617100,1
611.100386,1,6111,100,614608000,1
611.200320,1,6112,100,614570600,1
611.300474,1,6113,100,614570600,1
611.400566,1,6114,100,614570600,1
611.500763,1,6115,100,614570600,1
611.603678,1,6116,100,614525000,1
611.701077,1,6117,100,614514300,1
611.805120,1,6118,100,614417900,1
611.900624,1,6119,100,614349000,1
612.000540,1,6120,100,614325000,1
612.100503,1,6121,100,614210700,1
612.200469,1,6122,100,614210700,1
612.300660,1,6123,100,614210700,1
612.400409,1,6124,100,614210700,1
612.500474,1,6125,100,614210700,1
612.603390,1,6126,100,614210700,1
612.700413,1,6127,100,614210700,1
612.800359,1,6128,100,614200700,1
612.900739,1,6129,100,614200700,1
613.000579,1,6130,100,614133700,1
613.100461,1,6131,100,614151100,1
613.200433,1,6132,100,614200700,1
613.300395,1,6133,100,614247100,1
613.400424,1,6134,100,614247100,1
613.500603,1,6135,100,614248800,1
613.602146,1,6136,100,614295300,1
613.700477,1,6137,100,614295300,1
613.800516,1,6138,100,614295300,1
613.900304,1,6139,100,614295300,1
614.000343,1,6140,100,614295300,1
614.100211,1,6141,100,614295300,1
614.200629,1,6142,100,614295300,1
614.300667,1,6143,100,614210000,1
614.400372,1,6144,100,614210000,1
614.500568,1,6145,100,614134500,1
614.601081,1,6146,100,614134500,1
614.701095,1,6147,100,614134500,1
614.800303,1,6148,100,614134500,1
614.900403,1,6149,100,614134500,1
615.002942,1,6150,100,614134500,1
615.100442,1,6151,100,614179100,1
615.200617,1,6152,100,614265600,1
615.300641,1,6153,100,614295300,1
615.400539,1,6154,100,614295300,1
615.501069,1,6155,100,614295300,1
615.602642,1,6156,100,614348900,1
615.705364,1,6157,100,614391800,1
615.801196,1,6158,100,614444600,1
615.901441,1,6159,100,614499300,1
616.000582,1,6160,100,614562000,1
616.100439,1,6161,100,614544200,1
616.200979,1,6162,100,614587300,1
616.300835,1,6163,100,614620100,1
616.403880,1,6164,100,614654600,1
616.500499,1,6165,100,614676600,1
616.606384,1,6166,100,614676600,1
616.700552,1,6167,100,614676600,1
616.800380,1,6168,100,614640000,1
616.900514,1,6169,100,614615100,1
617.000476,1,6170,100,614558500,1
617.100311,1,6171,100,614558500,1
617.203005,1,6172,100,614720000,1
617.301340,1,6173,100,614720000,1
617.400450,1,6174,100,614720000,1
617.500518,1,6175,100,614720000,1
617.602373,1,6176,100,614731900,1
617.700381,1,6177,100,614740000,1
617.800382,1,6178,100,614740000,1
617.900306,1,6179,100,614740000,1
618.000373,1,6180,100,614740000,1
618.100874,1,6181,100,614740000,1
618.200291,1,6182,100,614740000,1
618.300497,1,6183,100,614740000,1
618.402025,1,6184,100,614740000,1
618.500760,1,6185,100,614740000,1
618.603772,1,6186,100,614705200,1
618.700509,1,6187,100,614676700,1
618.800388,1,6188,100,614634100,1
618.900753,1,6189,100,614634100,1
619.000433,1,6190,100,614558600,1
619.100521,1,6191,100,614558600,1
619.200561,1,6192,100,614558600,1
619.300640,1,6193,100,614558600,1
619.400470,1,6194,100,614558600,1
619.500756,1,6195,100,614558600,1
619.600708,1,6196,100,614558600,1
619.700383,1,6197,100,614606300,1
619.800801,1,6198,100,614662200,1
619.900455,1,6199,100,614662200,1
620.000424,1,6200,100,614662200,1
620.100602,1,6201,100,614662200,1
620.200455,1,6202,100,614598300,1
620.300282,1,6203,100,614598300,1
620.400542,1,6204,100,614598300,1
620.500441,1,6205,100,614598300,1
620.601107,1,6206,100,614598300,1
620.700314,1,6207,100,614598300,1
620.802477,1,6208,100,614648300,1
620.900335,1,6209,100,614705200,1
621.000504,1,6210,100,614705200,1
621.100456,1,6211,100,614705200,1
621.200532,1,6212,100,614705200,1
621.300721,1,6213,100,614674500,1
621.400944,1,6214,100,614648300,1
621.501220,1,6215,100,614598300,1
621.600634,1,6216,100,614537300,1
621.700594,1,6217,100,614537300,1
621.800364,1,6218,100,614537300,1
621.900738,1,6219,100,614537300,1
622.001099,1,6220,100,614537300,1
622.102046,1,6221,100,614537300,1
622.200598,1,6222,100,614598300,1
622.300668,1,6223,100,614598300,1
622.402764,1,6224,100,614598300,1
622.502309,1,6225,100,614598300,1
622.601187,1,6226,100,614598300,1
622.701299,1,6227,100,614598300,1
622.800763,1,6228,100,614598300,1
622.906402,1,6229,100,614598300,1
623.000575,1,6230,100,614657600,1
623.104866,1,6231,100,614665400,1
623.201059,1,6232,100,614665500,1
623.300851,1,6233,100,614665500,1
623.404178,1,6234,100,614726000,1
623.504247,1,6235,100,614793200,1
623.601267,1,6236,100,614824000,1
623.701017,1,6237,100,614824000,1
623.800403,1,6238,100,614824000,1
623.914662,1,6239,100,614920000,1
624.000729,1,6240,100,614920000,1
624.100467,1,6241,100,614920000,1
624.209431,1,6242,100,614924400,1
624.300709,1,6243,100,614924400,1
624.400869,1,6244,100,614924400,1
624.500637,1,6245,100,614924400,1
624.603596,1,6246,100,614924400,1
624.700475,1,6247,100,614924400,1
624.801571,1,6248,100,614924400,1
624.900523,1,6249,100,614920000,1
625.000632,1,6250,100,614920000,1
625.100596,1,6251,100,614920000,1
625.200722,1,6252,100,614920000,1
625.300583,1,6253,100,614920000,1
625.404426,1,6254,100,614920000,1
625.500372,1,6255,100,614920000,1
625.600482,1,6256,100,614920000,1
625.700742,1,6257,100,614920000,1
625.800445,1,6258,100,614920000,1
625.900383,1,6259,100,614920000,1
626.000369,1,6260,100,614920000,1
626.100624,1,6261,100,614920000,1
626.200506,1,6262,100,614920000,1
626.300360,1,6263,100,614920000,1
626.402931,1,6264,100,614920000,1
626.500520,1,6265,100,614920000,1
626.600530,1,6266,100,614920000,1
626.700291,1,6267,100,614920000,1
626.800366,1,6268,100,614960000,1
626.900619,1,6269,100,614960000,1
627.000361,1,6270,100,614960000,1
627.100650,1,6271,100,615005600,1
627.200553,1,6272,100,615104500,1
627.300664,1,6273,100,615157200,1
627.401672,1,6274,100,615157200,1
627.500272,1,6275,100,615157200,1
627.601156,1,6276,100,615157200,1
627.700349,1,6277,100,615157200,1
627.800537,1,6278,100,615157200,1
627.900416,1,6279,100,615157200,1
628.000440,1,6280,100,615157200,1
628.100385,1,6281,100,615157200,1
628.200739,1,6282,100,615157200,1
628.300468,1,6283,100,615157200,1
628.401081,1,6284,100,615157200,1
628.500575,1,6285,100,615157200,1
628.601331,1,6286,100,615157200,1
628.700596,1,6287,100,615157200,1
628.800425,1,6288,100,615157200,1
628.900329,1,6289,100,615157200,1
629.000686,1,6290,100,615235900,1
629.100887,1,6291,100,615235900,1
629.200400,1,6292,100,615249000,1
629.300514,1,6293,100,615249000,1
629.400424,1,6294,100,615249000,1
629.500569,1,6295,100,615249000,1
629.600693,1,6296,100,615260000,1
629.704357,1,6297,100,615283200,1
629.800395,1,6298,100,615283200,1
629.900270,1,6299,100,615283200,1
630.001795,1,6300,100,615283200,1
630.100628,1,6301,100,615283200,1
630.200678,1,6302,100,615283200,1
630.300497,1,6303,100,615283200,1
630.400449,1,6304,100,615283200,1
630.501988,1,6305,100,615283200,1
630.600846,1,6306,100,615283200,1
630.700448,1,6307,100,615283200,1
630.800722,1,6308,100,615283200,1
630.900850,1,6309,100,615283200,1
631.002548,1,6310,100,615283200,1
631.100474,1,6311,100,615250000,1
631.200625,1,6312,100,615184400,1
631.300431,1,6313,100,615184400,1
631.401018,1,6314,100,615184400,1
631.502105,1,6315,100,615215600,1
631.600812,1,6316,100,615215600,1
631.700547,1,6317,100,615235800,1
631.800445,1,6318,100,615235800,1
631.900416,1,6319,100,615235800,1
632.000362,1,6320,100,615235800,1
632.103191,1,6321,100,615235800,1
632.204589,1,6322,100,615235800,1
632.303699,1,6323,100,615183600,1
632.400582,1,6324,100,615131000,1
632.500517,1,6325,100,615082100,1
632.600641,1,6326,100,615082100,1
632.701501,1,6327,100,615123200,1
632.800506,1,6328,100,615148900,1
632.901170,1,6329,100,615148900,1
633.000607,1,6330,100,615148900,1
633.100501,1,6331,100,615183600,1
633.200481,1,6332,100,615209400,1
633.300698,1,6333,100,615209400,1
633.400486,1,6334,100,615209400,1
633.500734,1,6335,100,615209400,1
633.600768,1,6336,100,615274300,1
633.700362,1,6337,100,615274300,1
633.800428,1,6338,100,615274300,1
633.900812,1,6339,100,615249400,1
634.000655,1,6340,100,615249400,1
634.100872,1,6341,100,615249400,1
634.200691,1,6342,100,615249400,1
634.300863,1,6343,100,615249400,1
634.400451,1,6344,100,615233600,1
634.500493,1,6345,100,615233600,1
634.600851,1,6346,100,615233600,1
634.700474,1,6347,100,615233600,1
634.800673,1,6348,100,615233600,1
634.900872,1,6349,100,615291100,1
635.000744,1,6350,100,615400000,1
635.100555,1,6351,100,615440000,1
635.200760,1,6352,100,615474700,1
635.300741,1,6353,100,615474700,1
635.400423,1,6354,100,615474700,1
635.500515,1,6355,100,615432800,1
635.601227,1,6356,100,615432800,1
635.700398,1,6357,100,615432700,1
635.800438,1,6358,100,615432700,1
635.900957,1,6359,100,615432700,1
636.000547,1,6360,100,615432700,1
636.100210,1,6361,100,615432700,1
636.200465,1,6362,100,615432700,1
636.300459,1,6363,100,615432700,1
636.400862,1,6364,100,615432700,1
636.502273,1,6365,100,615432700,1
636.600451,1,6366,100,615432700,1
636.700639,1,6367,100,615432700,1
636.801291,1,6368,100,615465800,1
636.900629,1,6369,100,615474700,1
637.000301,1,6370,100,615474700,1
637.100448,1,6371,100,615474700,1
637.200448,1,6372,100,615500000,1
637.300488,1,6373,100,615500000,1
637.400434,1,6374,100,615500000,1
637.500389,1,6375,100,615500000,1
637.600723,1,6376,100,615500000,1
637.700531,1,6377,100,615500000,1
637.800431,1,6378,100,615500000,1
637.900548,1,6379,100,615500000,1
638.000742,1,6380,100,615500000,1
638.100501,1,6381,100,615500000,1
638.200461,1,6382,100,615500000,1
638.301089,1,6383,100,615500000,1
638.400698,1,6384,100,615500000,1
638.500479,1,6385,100,615500000,1
638.601313,1,6386,100,615500000,1
638.700464,1,6387,100,615500000,1
638.800609,1,6388,100,615500000,1
638.900448,1,6389,100,615500000,1
639.000559,1,6390,100,615500000,1
639.101331,1,6391,100,615500000,1
639.200575,1,6392,100,615500000,1
639.300600,1,6393,100,615500000,1
639.401294,1,6394,100,615500000,1
639.500492,1,6395,100,615500000,1
639.601076,1,6396,100,615500000,1
639.701228,1,6397,100,615471000,1
639.801037,1,6398,100,615430800,1
639.900434,1,6399,100,615430800,1
640.001389,1,6400,100,615430800,1
640.100891,1,6401,100,615430800,1
640.200908,1,6402,100,615430800,1
640.300361,1,6403,100,615430800,1
640.400563,1,6404,100,615430800,1
640.501589,1,6405,100,615457400,1
640.601130,1,6406,100,615457400,1
640.700635,1,6407,100,615457400,1
640.800778,1,6408,100,615457400,1
640.900703,1,6409,100,615457400,1
641.000404,1,6410,100,615457400,1
641.101588,1,6411,100,615457400,1
641.200945,1,6412,100,615457400,1
641.300644,1,6413,100,615457400,1
641.402158,1,6414,100,615447100,1
641.500544,1,6415,100,615404800,1
641.601073,1,6416,100,615404800,1
641.700424,1,6417,100,615404800,1
641.800646,1,6418,100,615404800,1
641.901215,1,6419,100,615404800,1
642.003292,1,6420,100,615364800,1
642.100800,1,6421,100,615364800,1
642.200547,1,6422,100,615404800,1
642.300571,1,6423,100,615446900,1
642.400420,1,6424,100,615446900,1
642.500868,1,6425,100,615446900,1
642.600820,1,6426,100,615446900,1
642.700625,1,6427,100,615446900,1
642.801248,1,6428,100,615407800,1
642.900497,1,6429,100,615364900,1
643.000679,1,6430,100,615364900,1
643.100925,1,6431,100,615324600,1
643.200597,1,6432,100,615324600,1
643.300532,1,6433,100,615307700,1
643.401143,1,6434,100,615293100,1
643.500869,1,6435,100,615293100,1
643.600639,1,6436,100,615293100,1
643.700662,1,6437,100,615324600,1
643.800727,1,6438,100,615364900,1
643.900687,1,6439,100,615364900,1
644.000703,1,6440,100,615430300,1
644.100482,1,6441,100,615430300,1
644.200543,1,6442,100,615430300,1
644.300675,1,6443,100,615430300,1
644.400606,1,6444,100,615398100,1
644.500893,1,6445,100,615398100,1
644.600463,1,6446,100,615398100,1
644.700267,1,6447,100,615398100,1
644.800370,1,6448,100,615398100,1
644.901757,1,6449,100,615458700,1
645.000616,1,6450,100,615506200,1
645.100651,1,6451,100,615506200,1
645.200366,1,6452,100,615506200,1
645.300458,1,6453,100,615506200,1
645.401675,1,6454,100,615620700,1
645.500382,1,6455,100,615620700,1
645.600512,1,6456,100,615620700,1
645.700382,1,6457,100,615620700,1
645.804530,1,6458,100,615620700,1
645.900430,1,6459,100,615620700,1
646.000769,1,6460,100,615620700,1
646.100608,1,6461,100,615578000,1
646.204119,1,6462,100,615578000,1
646.300351,1,6463,100,615578000,1
646.407782,1,6464,100,615416000,1
646.514563,1,6465,100,615416000,1
646.601782,1,6466,100,615416000,1
646.701907,1,6467,100,615373800,1
646.800472,1,6468,100,615339300,1
646.901035,1,6469,100,615339300,1
647.000406,1,6470,100,615339300,1
647.103481,1,6471,100,615293100,1
647.200488,1,6472,100,615401200,1
647.301617,1,6473,100,615401200,1
647.400684,1,6474,100,615401200,1
647.500453,1,6475,100,615401200,1
647.600761,1,6476,100,615448000,1
647.700967,1,6477,100,615448000,1
647.800578,1,6478,100,615448000,1
647.900532,1,6479,100,615448000,1
648.001624,1,6480,100,615448000,1
648.100750,1,6481,100,615466300,1
648.200583,1,6482,100,615466300,1
648.300592,1,6483,100,615466300,1
648.400841,1,6484,100,615448000,1
648.501008,1,6485,100,615448000,1
648.600531,1,6486,100,615448000,1
648.706158,1,6487,100,615448000,1
648.800553,1,6488,100,615448000,1
648.900350,1,6489,100,615448000,1
649.000499,1,6490,100,615448000,1
649.100370,1,6491,100,615448000,1
649.200495,1,6492,100,615448000,1
649.300557,1,6493,100,615466300,1
649.400523,1,6494,100,615466300,1
649.500623,1,6495,100,615466300,1
649.600916,1,6496,100,615466300,1
649.700636,1,6497,100,615435100,1
649.800540,1,6498,100,615401700,1
649.900690,1,6499,100,615401700,1
650.000606,1,6500,100,615401700,1
650.100386,1,6501,100,615401700,1
650.200751,1,6502,100,615401700,1
650.300568,1,6503,100,615401700,1
650.400518,1,6504,100,615343400,1
650.501160,1,6505,100,615343400,1
650.600989,1,6506,100,615343400,1
650.701123,1,6507,100,615343400,1
650.800334,1,6508,100,615343400,1
650.900437,1,6509,100,615343400,1
651.000404,1,6510,100,615343400,1
651.100621,1,6511,100,615343400,1
651.200621,1,6512,100,615343400,1
651.300605,1,6513,100,615343400,1
651.400691,1,6514,100,615385600,1
651.501032,1,6515,100,615385600,1
651.601892,1,6516,100,615416600,1
651.700648,1,6517,100,615450600,1
651.800543,1,6518,100,615491200,1
651.900619,1,6519,100,615567300,1
652.000562,1,6520,100,615606400,1
652.100484,1,6521,100,615606400,1
652.200413,1,6522,100,615606400,1
652.300767,1,6523,100,615606400,1
652.400435,1,6524,100,615606400,1
652.500965,1,6525,100,615606400,1
652.602445,1,6526,100,615491200,1
652.700494,1,6527,100,615450600,1
652.811003,1,6528,100,615366400,1
652.900777,1,6529,100,615334300,1
653.000492,1,6530,100,615334300,1
653.100464,1,6531,100,615334300,1
653.200567,1,6532,100,615334300,1
653.300572,1,6533,100,615334300,1
653.400817,1,6534,100,615334300,1
653.502722,1,6535,100,615341900,1
653.601639,1,6536,100,615420600,1
653.701204,1,6537,100,615420600,1
653.800595,1,6538,100,615420600,1
653.901007,1,6539,100,615420600,1
654.000515,1,6540,100,615420600,1
654.100409,1,6541,100,615420600,1
654.200674,1,6542,100,615420600,1
654.300784,1,6543,100,615420600,1
654.400656,1,6544,100,615420600,1
654.500539,1,6545,100,615420600,1
654.603125,1,6546,100,615420600,1
654.700695,1,6547,100,615525900,1
654.800584,1,6548,100,615543700,1
654.901040,1,6549,100,615612500,1
655.001312,1,6550,100,615612500,1
655.101044,1,6551,100,615612500,1
655.200416,1,6552,100,615612500,1
655.300554,1,6553,100,615612500,1
655.400992,1,6554,100,615612500,1
655.500808,1,6555,100,615612500,1
655.601261,1,6556,100,615612500,1
655.700569,1,6557,100,615612500,1
655.800554,1,6558,100,615612500,1
655.900594,1,6559,100,615612500,1
656.001202,1,6560,100,615612500,1
656.106998,1,6561,100,615612500,1
656.208443,1,6562,100,615612500,1
656.304001,1,6563,100,615630400,1
656.400550,1,6564,100,615630400,1
656.500544,1,6565,100,615630400,1
656.600711,1,6566,100,615630400,1
656.700654,1,6567,100,615630400,1
656.800582,1,6568,100,615630400,1
656.906300,1,6569,100,615601800,1
657.000677,1,6570,100,615597200,1
657.100503,1,6571,100,615597200,1
657.201415,1,6572,100,615597200,1
657.301083,1,6573,100,615597200,1
657.402718,1,6574,100,615597200,1
657.500697,1,6575,100,615597200,1
657.606451,1,6576,100,615451600,1
657.700947,1,6577,100,615451600,1
657.801224,1,6578,100,615451600,1
657.900758,1,6579,100,615451600,1
658.001127,1,6580,100,615451600,1
658.102535,1,6581,100,615337700,1
658.201466,1,6582,100,615337700,1
658.300728,1,6583,100,615337700,1
658.400427,1,6584,100,615368200,1
658.500596,1,6585,100,615368200,1
658.601287,1,6586,100,615368200,1
658.700811,1,6587,100,615368200,1
658.800462,1,6588,100,615368200,1
658.900877,1,6589,100,615368200,1
659.000701,1,6590,100,615451600,1
659.101414,1,6591,100,615451600,1
659.204815,1,6592,100,615488100,1
659.300471,1,6593,100,615488100,1
659.400418,1,6594,100,615488100,1
659.500671,1,6595,100,615488100,1
659.603462,1,6596,100,615337800,1
659.700891,1,6597,100,615337800,1
659.800743,1,6598,100,615337800,1
659.900692,1,6599,100,615337800,1
660.000489,1,6600,100,615337800,1
660.100465,1,6601,100,615337800,1
660.202461,1,6602,100,615344100,1
660.301481,1,6603,100,615344100,1
660.401068,1,6604,100,615344100,1
660.500473,1,6605,100,615344100,1
660.600770,1,6606,100,615344100,1
660.700639,1,6607,100,615344100,1
660.800618,1,6608,100,615344100,1
660.900655,1,6609,100,615344100,1
661.001227,1,6610,100,615344100,1
661.102677,1,6611,100,615344100,1
661.200677,1,6612,100,615344100,1
661.300410,1,6613,100,615344100,1
661.401191,1,6614,100,615344100,1
661.501922,1,6615,100,615344100,1
661.600755,1,6616,100,615344100,1
661.700460,1,6617,100,615344100,1
661.800571,1,6618,100,615344100,1
661.900395,1,6619,100,615344100,1
662.000630,1,6620,100,615344100,1
662.105713,1,6621,100,615344100,1
662.200795,1,6622,100,615344100,1
662.300727,1,6623,100,615344100,1
662.400795,1,6624,100,615344100,1
662.500583,1,6625,100,615390000,1
662.600794,1,6626,100,615414700,1
662.700993,1,6627,100,615491200,1
662.800831,1,6628,100,615491200,1
662.900455,1,6629,100,615491200,1
663.000486,1,6630,100,615491200,1
663.100766,1,6631,100,615491200,1
663.200932,1,6632,100,615491200,1
663.300574,1,6633,100,615491200,1
663.401277,1,6634,100,615414800,1
663.500422,1,6635,100,615414800,1
663.600582,1,6636,100,615414800,1
663.700614,1,6637,100,615414800,1
663.800388,1,6638,100,615414800,1
663.900819,1,6639,100,615456100,1
664.000594,1,6640,100,615491200,1
664.100515,1,6641,100,615491200,1
664.200656,1,6642,100,615491200,1
664.300463,1,6643,100,615491200,1
664.401117,1,6644,100,615491200,1
664.500916,1,6645,100,615491200,1
664.600715,1,6646,100,615491200,1
664.700660,1,6647,100,615491200,1
664.800589,1,6648,100,615491200,1
664.900527,1,6649,100,615491200,1
665.000616,1,6650,100,615515500,1
665.101051,1,6651,100,615515500,1
665.200516,1,6652,100,615515500,1
665.300457,1,6653,100,615515500,1
665.400561,1,6654,100,615515500,1
665.500409,1,6655,100,615515500,1
665.606825,1,6656,100,615515500,1
665.700366,1,6657,100,615515500,1
665.800731,1,6658,100,615515500,1
665.900739,1,6659,100,615562500,1
666.000932,1,6660,100,615568900,1
666.104282,1,6661,100,615637800,1
666.200630,1,6662,100,615637800,1
666.301354,1,6663,100,615637800,1
666.401100,1,6664,100,615637800,1
666.500605,1,6665,100,615637800,1
666.600925,1,6666,100,615637800,1
666.700538,1,6667,100,615637800,1
666.800842,1,6668,100,615637800,1
666.900696,1,6669,100,615637800,1
667.000801,1,6670,100,615637800,1
667.100739,1,6671,100,615637800,1
667.201133,1,6672,100,615637800,1
667.300938,1,6673,100,615637800,1
667.400721,1,6674,100,615637800,1
667.500368,1,6675,100,615637800,1
667.600696,1,6676,100,615637800,1
667.700585,1,6677,100,615637800,1
667.802794,1,6678,100,615637800,1
667.900489,1,6679,100,615637800,1
668.000543,1,6680,100,615637800,1
668.100746,1,6681,100,615637800,1
668.200808,1,6682,100,615637800,1
668.300537,1,6683,100,615637800,1
668.400470,1,6684,100,615637800,1
668.501023,1,6685,100,615637800,1
668.600894,1,6686,100,615637800,1
668.702084,1,6687,100,615637800,1
668.800583,1,6688,100,615637800,1
668.900657,1,6689,100,615637800,1
669.001800,1,6690,100,615637800,1
669.100704,1,6691,100,615637800,1
669.201367,1,6692,100,615637800,1
669.300758,1,6693,100,615637800,1
669.400856,1,6694,100,615637800,1
669.500938,1,6695,100,615637800,1
669.600719,1,6696,100,615637800,1
669.701551,1,6697,100,615637800,1
669.800536,1,6698,100,615713500,1
669.900552,1,6699,100,615713500,1
670.000816,1,6700,100,615713500,1
670.100557,1,6701,100,615713500,1
670.200658,1,6702,100,615713500,1
670.300736,1,6703,100,615713500,1
670.401449,1,6704,100,615713500,1
670.501871,1,6705,100,615713500,1
670.601057,1,6706,100,615713500,1
670.700872,1,6707,100,615713500,1
670.800756,1,6708,100,615713500,1
670.907467,1,6709,100,615766800,1
671.005479,1,6710,100,615787300,1
671.100640,1,6711,100,615787200,1
671.201707,1,6712,100,615860000,1
671.301077,1,6713,100,615933800,1
671.401751,1,6714,100,615956800,1
671.500720,1,6715,100,615956800,1
671.601187,1,6716,100,615956800,1
671.700791,1,6717,100,615956800,1
671.800559,1,6718,100,615956800,1
671.901197,1,6719,100,615956800,1
672.000452,1,6720,100,615956800,1
672.100901,1,6721,100,615956800,1
672.200687,1,6722,100,615956800,1
672.300595,1,6723,100,615956800,1
672.401142,1,6724,100,615956800,1
672.500762,1,6725,100,615956800,1
672.601693,1,6726,100,615956800,1
672.700803,1,6727,100,615956800,1
672.800594,1,6728,100,615956800,1
672.902547,1,6729,100,615956800,1
673.000967,1,6730,100,616069100,1
673.101080,1,6731,100,616069100,1
673.200644,1,6732,100,616030400,1
673.300609,1,6733,100,615985200,1
673.400982,1,6734,100,615985200,1
673.500554,1,6735,100,615985200,1
673.604117,1,6736,100,615985200,1
673.700759,1,6737,100,615929400,1
673.801570,1,6738,100,615929400,1
673.900722,1,6739,100,615885900,1
674.000717,1,6740,100,615885900,1
674.101298,1,6741,100,615885900,1
674.200636,1,6742,100,615885900,1
674.300540,1,6743,100,615885900,1
674.400921,1,6744,100,615885900,1
674.500661,1,6745,100,615885900,1
674.604887,1,6746,100,615885900,1
674.701810,1,6747,100,615885900,1
674.800574,1,6748,100,615885900,1
674.900584,1,6749,100,615885900,1
675.000530,1,6750,100,615885900,1
675.100604,1,6751,100,615885900,1
675.200673,1,6752,100,615956600,1
675.300675,1,6753,100,616030300,1
675.400694,1,6754,100,616030300,1
675.500498,1,6755,100,616030200,1
675.600800,1,6756,100,616030200,1
675.700660,1,6757,100,616030200,1
675.802246,1,6758,100,616030200,1
675.900548,1,6759,100,616030200,1
676.000708,1,6760,100,616030200,1
676.101210,1,6761,100,616030200,1
676.200999,1,6762,100,616030200,1
676.301721,1,6763,100,616030200,1
676.400701,1,6764,100,616030200,1
676.500996,1,6765,100,616030200,1
676.601397,1,6766,100,616030200,1
676.706548,1,6767,100,616030200,1
676.800852,1,6768,100,616063600,1
676.901046,1,6769,100,616100000,1
677.000715,1,6770,100,616101700,1
677.100946,1,6771,100,616192500,1
677.200779,1,6772,100,616156300,1
677.300472,1,6773,100,616156300,1
677.400750,1,6774,100,616156300,1
677.500984,1,6775,100,616156100,1
677.602891,1,6776,100,616108200,1
677.700728,1,6777,100,616108200,1
677.800961,1,6778,100,616135300,1
677.900745,1,6779,100,616135300,1
678.001262,1,6780,100,616135300,1
678.100624,1,6781,100,616135300,1
678.206903,1,6782,100,616135300,1
678.300735,1,6783,100,616135300,1
678.409679,1,6784,100,616135300,1
678.500575,1,6785,100,616135300,1
678.604192,1,6786,100,616135300,1
678.703618,1,6787,100,616135300,1
678.800704,1,6788,100,616135300,1
678.900620,1,6789,100,616135300,1
679.000463,1,6790,100,616135300,1
679.100556,1,6791,100,616135300,1
679.200489,1,6792,100,616196900,1
679.300516,1,6793,100,616196900,1
679.400634,1,6794,100,616196900,1
679.500714,1,6795,100,616196900,1
679.601148,1,6796,100,616196900,1
679.700876,1,6797,100,616196900,1
679.801289,1,6798,100,616135300,1
679.900504,1,6799,100,616135300,1
680.000569,1,6800,100,616135300,1
680.100806,1,6801,100,616135300,1
680.200752,1,6802,100,616180400,1
680.300596,1,6803,100,616180400,1
680.402797,1,6804,100,616180400,1
680.503160,1,6805,100,616196900,1
680.602210,1,6806,100,616196900,1
680.702761,1,6807,100,616196900,1
680.800662,1,6808,100,616196900,1
680.900684,1,6809,100,616196900,1
681.000592,1,6810,100,616196900,1
681.100511,1,6811,100,616196900,1
681.203104,1,6812,100,616196900,1
681.300490,1,6813,100,616196900,1
681.400703,1,6814,100,616196900,1
681.501104,1,6815,100,616196900,1
681.601837,1,6816,100,616196900,1
681.700897,1,6817,100,616209200,1
681.800622,1,6818,100,616209200,1
681.901233,1,6819,100,616292800,1
682.000884,1,6820,100,616320000,1
682.100524,1,6821,100,616320000,1
682.200770,1,6822,100,616360000,1
682.304394,1,6823,100,616440000,1
682.401065,1,6824,100,616440000,1
682.500844,1,6825,100,616440000,1
682.620071,1,6826,100,616503700,1
682.700796,1,6827,100,616557700,1
682.801884,1,6828,100,616586600,1
682.900608,1,6829,100,616599900,1
683.001215,1,6830,100,616599900,1
683.105087,1,6831,100,616599900,1
683.200814,1,6832,100,616640000,1
683.301313,1,6833,100,616640000,1
683.401038,1,6834,100,616599900,1
683.500567,1,6835,100,616599900,1
683.607735,1,6836,100,616599900,1
683.703421,1,6837,100,616538200,1
683.800880,1,6838,100,616538200,1
683.901243,1,6839,100,616538200,1
684.003371,1,6840,100,616538200,1
684.102304,1,6841,100,616538200,1
684.201064,1,6842,100,616538200,1
684.301219,1,6843,100,616538200,1
684.400595,1,6844,100,616538200,1
684.500786,1,6845,100,616515600,1
684.601057,1,6846,100,616515600,1
684.700681,1,6847,100,616456600,1
684.800871,1,6848,100,616456600,1
684.900575,1,6849,100,616456600,1
685.002345,1,6850,100,616456600,1
685.101188,1,6851,100,616538200,1
685.200748,1,6852,100,616538200,1
685.300576,1,6853,100,616538200,1
685.401976,1,6854,100,616611300,1
685.500763,1,6855,100,616632200,1
685.603460,1,6856,100,616661100,1
685.702349,1,6857,100,616661200,1
685.800516,1,6858,100,616665300,1
685.900619,1,6859,100,616674900,1
686.000701,1,6860,100,616697300,1
686.101022,1,6861,100,616728000,1
686.200955,1,6862,100,616799600,1
686.300798,1,6863,100,616829400,1
686.401950,1,6864,100,616829400,1
686.500854,1,6865,100,616829400,1
686.603264,1,6866,100,616829400,1
686.700788,1,6867,100,616829400,1
686.800665,1,6868,100,616829400,1
686.900781,1,6869,100,616829400,1
687.000588,1,6870,100,616829400,1
687.101164,1,6871,100,616829400,1
687.201355,1,6872,100,616829400,1
687.300983,1,6873,100,616861300,1
687.400635,1,6874,100,616817100,1
687.500960,1,6875,100,616817100,1
687.601002,1,6876,100,616817100,1
687.700513,1,6877,100,616817100,1
687.801035,1,6878,100,616817100,1
687.900690,1,6879,100,616817100,1
688.000535,1,6880,100,616817100,1
688.104376,1,6881,100,616817100,1
688.201034,1,6882,100,616817100,1
688.302282,1,6883,100,616817100,1
688.400617,1,6884,100,616817100,1
688.501312,1,6885,100,616817100,1
688.601981,1,6886,100,616817100,1
688.700752,1,6887,100,616817100,1
688.800700,1,6888,100,616817100,1
688.903213,1,6889,100,616861300,1
689.003268,1,6890,100,616861300,1
689.101570,1,6891,100,616861300,1
689.202100,1,6892,100,616828900,1
689.300926,1,6893,100,616769700,1
689.400942,1,6894,100,616769700,1
689.500683,1,6895,100,616769700,1
689.602209,1,6896,100,616769700,1
689.700878,1,6897,100,616769700,1
689.800878,1,6898,100,616769700,1
689.905106,1,6899,100,616769700,1
690.000914,1,6900,100,616769700,1
690.101172,1,6901,100,616677100,1
690.200878,1,6902,100,616658000,1
690.301287,1,6903,100,616658000,1
690.400746,1,6904,100,616658000,1
690.500853,1,6905,100,616658000,1
690.604136,1,6906,100,616624000,1
690.702146,1,6907,100,616624000,1
690.800800,1,6908,100,616616100,1
690.901508,1,6909,100,616616100,1
691.004424,1,6910,100,616616100,1
691.101374,1,6911,100,616616100,1
691.200792,1,6912,100,616563900,1
691.300800,1,6913,100,616563900,1
691.400892,1,6914,100,616563900,1
691.501139,1,6915,100,616563900,1
691.607350,1,6916,100,616540100,1
691.729633,1,6917,100,616540000,1
691.807164,1,6918,100,616540000,1
691.903131,1,6919,100,616540000,1
692.000917,1,6920,100,616540000,1
692.100930,1,6921,100,616539900,1
692.201483,1,6922,100,616539900,1
692.301736,1,6923,100,616539900,1
692.423685,1,6924,100,616539900,1
692.500669,1,6925,100,616539900,1
692.608141,1,6926,100,616539900,1
692.701531,1,6927,100,616539900,1
692.801223,1,6928,100,616468800,1
692.900771,1,6929,100,616468800,1
693.000818,1,6930,100,616468800,1
693.101200,1,6931,100,616468800,1
693.200690,1,6932,100,616468800,1
693.300880,1,6933,100,616468800,1
693.400773,1,6934,100,616470300,1
693.500674,1,6935,100,616470300,1
693.606107,1,6936,100,616470300,1
693.701255,1,6937,100,616470300,1
693.800877,1,6938,100,616470300,1
693.900625,1,6939,100,616470300,1
694.000506,1,6940,100,616470300,1
694.100824,1,6941,100,616470300,1
694.200787,1,6942,100,616470300,1
694.302518,1,6943,100,616470300,1
694.400832,1,6944,100,616470300,1
694.500890,1,6945,100,616470300,1
694.634681,1,6946,100,616470300,1
694.700833,1,6947,100,616470300,1
694.801154,1,6948,100,616470300,1
694.901436,1,6949,100,616470300,1
695.003641,1,6950,100,616462200,1
695.102215,1,6951,100,616392100,1
695.200977,1,6952,100,616392100,1
695.300889,1,6953,100,616392100,1
695.401227,1,6954,100,616392100,1
695.500640,1,6955,100,616392100,1
695.603297,1,6956,100,616392100,1
695.700786,1,6957,100,616380100,1
695.800757,1,6958,100,616380100,1
695.900989,1,6959,100,616360100,1
696.000930,1,6960,100,616360100,1
696.100538,1,6961,100,616360100,1
696.200577,1,6962,100,616360100,1
696.301671,1,6963,100,616360100,1
696.401622,1,6964,100,616301400,1
696.534595,1,6965,100,616301400,1
696.612501,1,6966,100,616301400,1
696.702308,1,6967,100,616292900,1
696.800766,1,6968,100,616255900,1
696.900895,1,6969,100,616255800,1
697.001019,1,6970,100,616240100,1
697.100878,1,6971,100,616240100,1
697.201236,1,6972,100,616240100,1
697.300875,1,6973,100,616240100,1
697.403235,1,6974,100,616220100,1
697.501716,1,6975,100,616160100,1
697.601095,1,6976,100,616160100,1
697.700738,1,6977,100,616160100,1
697.800782,1,6978,100,616160100,1
697.900622,1,6979,100,616150200,1
698.000895,1,6980,100,616108300,1
698.100563,1,6981,100,616108300,1
698.200761,1,6982,100,616108300,1
698.300903,1,6983,100,616108300,1
698.400717,1,6984,100,616108300,1
698.500668,1,6985,100,616100100,1
698.600773,1,6986,100,616100100,1
698.701027,1,6987,100,616080100,1
698.800604,1,6988,100,616060100,1
698.901227,1,6989,100,616060100,1
699.000994,1,6990,100,616060100,1
699.101268,1,6991,100,616060100,1
699.200647,1,6992,100,616060100,1
699.301234,1,6993,100,616060100,1
699.400841,1,6994,100,616060100,1
699.500711,1,6995,100,616060100,1
699.600708,1,6996,100,616060100,1
699.700746,1,6997,100,616060100,1
699.801368,1,6998,100,616060100,1
699.901179,1,6999,100,616060100,1
700.000833,1,7000,100,616060100,1
700.100964,1,7001,100,616060100,1
700.200629,1,7002,100,616060100,1
700.301726,1,7003,100,616060100,1
700.400659,1,7004,100,616060100,1
700.500872,1,7005,100,616060100,1
700.601012,1,7006,100,616060100,1
700.700749,1,7007,100,616060100,1
700.800719,1,7008,100,616060100,1
700.900955,1,7009,100,616060100,1
701.000772,1,7010,100,616060100,1
701.100828,1,7011,100,616060100,1
701.200762,1,7012,100,616060100,1
701.305123,1,7013,100,616060100,1
701.400569,1,7014,100,616060100,1
701.500671,1,7015,100,616060100,1
701.602118,1,7016,100,616060100,1
701.700770,1,7017,100,616060100,1
701.801199,1,7018,100,616060100,1
701.901288,1,7019,100,616060100,1
702.000599,1,7020,100,616060100,1
702.100588,1,7021,100,616060100,1
702.200552,1,7022,100,616060100,1
702.300657,1,7023,100,616060100,1
702.400754,1,7024,100,616060100,1
702.500782,1,7025,100,616060100,1
702.600831,1,7026,100,616060100,1
702.700831,1,7027,100,616040100,1
702.800694,1,7028,100,616040100,1
702.900706,1,7029,100,616040100,1
703.000722,1,7030,100,616040100,1
703.100822,1,7031,100,616040100,1
703.200734,1,7032,100,616040100,1
703.300723,1,7033,100,616040000,1
703.403456,1,7034,100,616020100,1
703.507138,1,7035,100,616020100,1
703.601097,1,7036,100,616020100,1
703.701080,1,7037,100,616020100,1
703.800591,1,7038,100,616020100,1
703.900795,1,7039,100,616020100,1
704.000604,1,7040,100,616020100,1
704.100649,1,7041,100,616020100,1
704.200781,1,7042,100,616020100,1
704.304846,1,7043,100,615984100,1
704.401031,1,7044,100,615984000,1
704.501238,1,7045,100,615984000,1
704.601142,1,7046,100,615960100,1
704.700941,1,7047,100,615916800,1
704.800775,1,7048,100,615916800,1
704.900773,1,7049,100,615881900,1
705.001247,1,7050,100,615881900,1
705.101254,1,7051,100,615881900,1
705.201075,1,7052,100,615881900,1
705.300855,1,7053,100,615881900,1
705.400892,1,7054,100,615881900,1
705.501240,1,7055,100,615881900,1
705.600947,1,7056,100,615881900,1
705.721226,1,7057,100,615881900,1
705.800924,1,7058,100,615881900,1
705.901033,1,7059,100,615881900,1
706.000737,1,7060,100,615881900,1
706.101054,1,7061,100,615881900,1
706.200802,1,7062,100,615881900,1
706.300712,1,7063,100,615881900,1
706.401075,1,7064,100,615881900,1
706.500801,1,7065,100,615881900,1
706.602871,1,7066,100,615833400,1
706.701259,1,7067,100,615833400,1
706.800574,1,7068,100,615833400,1
706.901243,1,7069,100,615833400,1
707.000829,1,7070,100,615833400,1
707.100762,1,7071,100,615833400,1
707.200717,1,7072,100,615833400,1
707.301247,1,7073,100,615833300,1
707.401076,1,7074,100,615833300,1
707.500752,1,7075,100,615833300,1
707.601017,1,7076,100,615833300,1
707.700686,1,7077,100,615833300,1
707.800808,1,7078,100,615833300,1
707.900665,1,7079,100,615833300,1
708.000764,1,7080,100,615833300,1
708.100722,1,7081,100,615833300,1
708.202263,1,7082,100,615833300,1
708.301853,1,7083,100,615833300,1
708.400627,1,7084,100,615833300,1
708.501196,1,7085,100,615833300,1
708.601056,1,7086,100,615833300,1
708.701146,1,7087,100,615833300,1
708.800536,1,7088,100,615833300,1
708.900979,1,7089,100,615833300,1
709.000762,1,7090,100,615833300,1
709.102213,1,7091,100,615833300,1
709.200872,1,7092,100,615833300,1
709.308191,1,7093,100,615742300,1
709.402526,1,7094,100,615702100,1
709.501022,1,7095,100,615656000,1
709.601569,1,7096,100,615656000,1
709.700628,1,7097,100,615656000,1
709.805494,1,7098,100,615600100,1
709.900687,1,7099,100,615600100,1
710.001135,1,7100,100,615600000,1
710.100794,1,7101,100,615600000,1
710.201008,1,7102,100,615600000,1
710.300885,1,7103,100,615600000,1
710.400801,1,7104,100,615600000,1
710.500693,1,7105,100,615600000,1
710.603064,1,7106,100,615600000,1
710.701046,1,7107,100,615600000,1
710.800894,1,7108,100,615600000,1
710.910730,1,7109,100,615514900,1
711.001197,1,7110,100,615500100,1
711.100716,1,7111,100,615500100,1
711.200641,1,7112,100,615500100,1
711.300797,1,7113,100,615500100,1
711.401006,1,7114,100,615491200,1
711.501148,1,7115,100,615491200,1
711.602812,1,7116,100,615491100,1
711.701751,1,7117,100,615460100,1
711.801178,1,7118,100,615460000,1
711.901206,1,7119,100,615460000,1
712.000731,1,7120,100,615460000,1
712.100965,1,7121,100,615463200,1
712.201667,1,7122,100,615538700,1
712.300871,1,7123,100,615595800,1
712.401084,1,7124,100,615595800,1
712.500819,1,7125,100,615595800,1
712.604729,1,7126,100,615651300,1
712.700988,1,7127,100,615651300,1
712.800991,1,7128,100,615672300,1
712.900708,1,7129,100,615672300,1
713.000639,1,7130,100,615672300,1
713.100828,1,7131,100,615672300,1
713.201168,1,7132,100,615672300,1
713.300783,1,7133,100,615728800,1
713.400843,1,7134,100,615773800,1
713.500698,1,7135,100,615783100,1
713.601590,1,7136,100,615838300,1
713.701699,1,7137,100,615838300,1
713.801192,1,7138,100,615838300,1
713.900704,1,7139,100,615838300,1
714.001027,1,7140,100,615861300,1
714.100594,1,7141,100,615861300,1
714.201575,1,7142,100,615861300,1
714.300947,1,7143,100,615861300,1
714.401151,1,7144,100,615913400,1
714.501135,1,7145,100,615960000,1
714.602618,1,7146,100,616020000,1
714.702780,1,7147,100,616040000,1
714.801226,1,7148,100,616040000,1
714.900944,1,7149,100,616040000,1
715.000839,1,7150,100,616063200,1
715.100668,1,7151,100,616115800,1
715.201250,1,7152,100,616140000,1
715.301231,1,7153,100,616140000,1
715.400986,1,7154,100,616140000,1
715.502257,1,7155,100,616140000,1
715.604006,1,7156,100,616180000,1
715.700867,1,7157,100,616180000,1
715.800662,1,7158,100,616209000,1
715.900917,1,7159,100,616209000,1
716.000549,1,7160,100,616209000,1
716.100790,1,7161,100,616209000,1
716.200763,1,7162,100,616209000,1
716.300643,1,7163,100,616209000,1
716.403335,1,7164,100,616209000,1
716.501263,1,7165,100,616180000,1
716.601249,1,7166,100,616180000,1
716.700923,1,7167,100,616147600,1
716.801476,1,7168,100,616147600,1
716.901274,1,7169,100,616147600,1
717.002157,1,7170,100,616143200,1
717.100875,1,7171,100,616143200,1
717.200865,1,7172,100,616143200,1
717.300763,1,7173,100,616124200,1
717.401227,1,7174,100,616124200,1
717.500796,1,7175,100,616124200,1
717.601296,1,7176,100,616124200,1
717.700856,1,7177,100,616124200,1
717.800855,1,7178,100,616124200,1
717.900892,1,7179,100,616124200,1
718.002224,1,7180,100,616112200,1
718.101001,1,7181,100,616031700,1
718.202251,1,7182,100,616031700,1
718.301541,1,7183,100,616031700,1
718.415074,1,7184,100,616031700,1
718.500899,1,7185,100,616031700,1
718.601274,1,7186,100,616005000,1
718.701260,1,7187,100,615960000,1
718.800560,1,7188,100,615960000,1
718.900867,1,7189,100,615960000,1
719.000787,1,7190,100,616012000,1
719.100790,1,7191,100,616012000,1
719.201254,1,7192,100,616073100,1
719.300633,1,7193,100,616073100,1
719.400964,1,7194,100,616073100,1
719.500782,1,7195,100,616073100,1
719.600888,1,7196,100,616073100,1
719.700773,1,7197,100,616073100,1
719.807398,1,7198,100,616073100,1
719.918259,1,7199,100,616073100,1
720.005492,1,7200,100,616073100,1
720.136073,1,7201,100,616073100,1
720.227082,1,7202,100,616124700,1
720.301404,1,7203,100,616124700,1
720.428133,1,7204,100,616124700,1
720.515765,1,7205,100,616124700,1
720.601451,1,7206,100,616124700,1
720.700722,1,7207,100,616124700,1
720.801651,1,7208,100,616124700,1
720.901238,1,7209,100,616124700,1
721.001233,1,7210,100,616124700,1
721.100804,1,7211,100,616180000,1
721.201279,1,7212,100,616180000,1
721.301809,1,7213,100,616180000,1
721.400658,1,7214,100,616180000,1
721.501688,1,7215,100,616215900,1
721.601895,1,7216,100,616215900,1
721.702276,1,7217,100,616215900,1
721.801499,1,7218,100,616215900,1
721.900942,1,7219,100,616215900,1
722.000913,1,7220,100,616215900,1
722.100703,1,7221,100,616215900,1
722.201233,1,7222,100,616215900,1
722.300877,1,7223,100,616215900,1
722.400825,1,7224,100,616215900,1
722.501303,1,7225,100,616215900,1
722.601282,1,7226,100,616240000,1
722.702010,1,7227,100,616240000,1
722.801264,1,7228,100,616277200,1
722.900626,1,7229,100,616277200,1
723.000816,1,7230,100,616312700,1
723.101586,1,7231,100,616312700,1
723.200849,1,7232,100,616312700,1
723.300795,1,7233,100,616312700,1
723.400726,1,7234,100,616312700,1
723.500881,1,7235,100,616229100,1
723.601247,1,7236,100,616180000,1
723.701172,1,7237,100,616180000,1
723.802296,1,7238,100,616180000,1
723.900837,1,7239,100,616180000,1
724.000960,1,7240,100,616180000,1
724.100782,1,7241,100,616180000,1
724.201907,1,7242,100,616117800,1
724.301250,1,7243,100,616117800,1
724.400964,1,7244,100,616117800,1
724.500848,1,7245,100,616117800,1
724.601204,1,7246,100,616117800,1
724.700987,1,7247,100,616117800,1
724.800857,1,7248,100,616073100,1
724.901040,1,7249,100,616029900,1
725.001224,1,7250,100,616020100,1
725.100659,1,7251,100,616020100,1
725.201181,1,7252,100,616005000,1
725.300903,1,7253,100,616005000,1
725.403688,1,7254,100,616005000,1
725.500730,1,7255,100,616005000,1
725.601571,1,7256,100,616005000,1
725.702963,1,7257,100,616005000,1
725.800900,1,7258,100,616020100,1
725.901356,1,7259,100,616020100,1
726.001390,1,7260,100,616020200,1
726.102725,1,7261,100,616111500,1
726.209397,1,7262,100,616111500,1
726.300665,1,7263,100,616111500,1
726.401591,1,7264,100,616111500,1
726.502137,1,7265,100,616111500,1
726.601262,1,7266,100,616120000,1
726.700988,1,7267,100,616120000,1
726.801320,1,7268,100,616120000,1
726.902210,1,7269,100,616078200,1
727.001961,1,7270,100,616005000,1
727.106887,1,7271,100,616005000,1
727.200894,1,7272,100,615960000,1
727.302136,1,7273,100,615960000,1
727.403295,1,7274,100,615960000,1
727.501496,1,7275,100,615960000,1
727.603820,1,7276,100,615920300,1
727.701405,1,7277,100,615881900,1
727.801193,1,7278,100,615881900,1
727.901071,1,7279,100,615881900,1
728.002215,1,7280,100,615917700,1
728.100953,1,7281,100,615917700,1
728.203182,1,7282,100,615917700,1
728.301537,1,7283,100,615876900,1
728.401707,1,7284,100,615833400,1
728.501396,1,7285,100,615833400,1
728.603298,1,7286,100,615902500,1
728.705444,1,7287,100,616041700,1
728.801046,1,7288,100,616041700,1
728.903134,1,7289,100,616041700,1
729.000877,1,7290,100,616041700,1
729.101713,1,7291,100,616078200,1
729.202283,1,7292,100,616078200,1
729.300660,1,7293,100,616078200,1
729.404843,1,7294,100,616078200,1
729.502134,1,7295,100,616078200,1
729.602884,1,7296,100,616078200,1
729.700856,1,7297,100,616078200,1
729.803148,1,7298,100,616078200,1
729.900985,1,7299,100,616078200,1
730.002096,1,7300,100,616078200,1
730.110089,1,7301,100,616032800,1
730.201170,1,7302,100,616031200,1
730.305908,1,7303,100,616031100,1
730.401108,1,7304,100,615955300,1
730.500939,1,7305,100,615955300,1
730.602064,1,7306,100,615955300,1
730.702266,1,7307,100,615917700,1
730.803220,1,7308,100,615902500,1
730.900705,1,7309,100,615902500,1
731.001237,1,7310,100,615902500,1
731.100923,1,7311,100,615902500,1
731.201163,1,7312,100,615902500,1
731.300956,1,7313,100,615902500,1
731.400641,1,7314,100,615902500,1
731.501565,1,7315,100,615918700,1
731.602129,1,7316,100,615918700,1
731.703709,1,7317,100,615944200,1
731.801007,1,7318,100,615944200,1
731.908916,1,7319,100,615944200,1
732.002837,1,7320,100,615944200,1
732.100607,1,7321,100,615944200,1
732.208240,1,7322,100,615990400,1
732.309344,1,7323,100,615990400,1
732.414882,1,7324,100,615990400,1
732.502213,1,7325,100,615944200,1
732.606691,1,7326,100,615902500,1
732.701944,1,7327,100,615902500,1
732.800768,1,7328,100,615902500,1
732.906194,1,7329,100,615902500,1
733.001248,1,7330,100,615902500,1
733.101108,1,7331,100,615902500,1
733.201103,1,7332,100,615902500,1
733.301528,1,7333,100,615990400,1
733.401301,1,7334,100,616076700,1
733.500880,1,7335,100,616111500,1
733.601197,1,7336,100,616111500,1
733.702267,1,7337,100,616140000,1
733.809254,1,7338,100,616140000,1
733.901143,1,7339,100,616140000,1
734.007658,1,7340,100,616140000,1
734.108867,1,7341,100,616140000,1
734.204440,1,7342,100,616103700,1
734.304729,1,7343,100,616067500,1
734.406828,1,7344,100,616067500,1
734.504655,1,7345,100,616067500,1
734.602620,1,7346,100,616067500,1
734.708252,1,7347,100,616067500,1
734.812185,1,7348,100,616120000,1
734.905136,1,7349,100,616120000,1
735.001062,1,7350,100,616120000,1
735.100800,1,7351,100,616120000,1
735.200807,1,7352,100,616120000,1
735.300956,1,7353,100,616120000,1
735.400794,1,7354,100,616120000,1
735.501246,1,7355,100,616120000,1
735.601280,1,7356,100,616120000,1
735.701014,1,7357,100,616120000,1
735.800936,1,7358,100,616120000,1
735.901007,1,7359,100,616120000,1
736.001334,1,7360,100,616120000,1
736.101004,1,7361,100,616120000,1
736.202236,1,7362,100,616120000,1
736.300996,1,7363,100,616120000,1
736.401259,1,7364,100,616120000,1
736.501598,1,7365,100,616120000,1
736.601462,1,7366,100,616120000,1
736.701014,1,7367,100,616120000,1
736.801285,1,7368,100,616120000,1
736.901075,1,7369,100,616120000,1
737.001025,1,7370,100,616160000,1
737.101882,1,7371,100,616160000,1
737.201180,1,7372,100,616160000,1
737.300932,1,7373,100,616160000,1
737.401031,1,7374,100,616160000,1
737.500926,1,7375,100,616160000,1
737.601598,1,7376,100,616160000,1
737.701037,1,7377,100,616160000,1
737.800911,1,7378,100,616160000,1
737.900891,1,7379,100,616160000,1
738.001255,1,7380,100,616160000,1
738.100845,1,7381,100,616180000,1
738.200840,1,7382,100,616180000,1
738.301105,1,7383,100,616180000,1
738.403269,1,7384,100,616180000,1
738.502258,1,7385,100,616261300,1
738.604959,1,7386,100,616261300,1
738.701038,1,7387,100,616261300,1
738.800897,1,7388,100,616261300,1
738.900824,1,7389,100,616261300,1
739.001038,1,7390,100,616263400,1
739.101187,1,7391,100,616263400,1
739.216325,1,7392,100,616263400,1
739.325273,1,7393,100,616263400,1
739.410386,1,7394,100,616263400,1
739.526551,1,7395,100,616263400,1
739.619370,1,7396,100,616263400,1
739.704193,1,7397,100,616263400,1
739.800724,1,7398,100,616263400,1
739.900767,1,7399,100,616263400,1
740.000680,1,7400,100,616263400,1
740.101182,1,7401,100,616263400,1
740.200761,1,7402,100,616263400,1
740.301214,1,7403,100,616263400,1
740.401276,1,7404,100,616263400,1
740.504622,1,7405,100,616263400,1
740.600898,1,7406,100,616263400,1
740.701039,1,7407,100,616263400,1
740.800977,1,7408,100,616263400,1
740.902889,1,7409,100,616263400,1
741.000630,1,7410,100,616263400,1
741.100729,1,7411,100,616263400,1
741.201217,1,7412,100,616263400,1
741.301919,1,7413,100,616263400,1
741.401734,1,7414,100,616263400,1
741.500838,1,7415,100,616263400,1
741.600733,1,7416,100,616263400,1
741.700923,1,7417,100,616263400,1
741.800944,1,7418,100,616263400,1
741.900959,1,7419,100,616263400,1
742.000914,1,7420,100,616263400,1
742.100902,1,7421,100,616230000,1
742.200953,1,7422,100,616215500,1
742.300741,1,7423,100,616160000,1
742.401068,1,7424,100,616160000,1
742.501536,1,7425,100,616160000,1
742.600870,1,7426,100,616160000,1
742.701272,1,7427,100,616160000,1
742.800857,1,7428,100,616160000,1
742.901027,1,7429,100,616160000,1
743.000823,1,7430,100,616160000,1
743.100754,1,7431,100,616160000,1
743.201213,1,7432,100,616160000,1
743.300780,1,7433,100,616160000,1
743.400980,1,7434,100,616160000,1
743.500782,1,7435,100,616160000,1
743.601025,1,7436,100,616160000,1
743.705611,1,7437,100,616160000,1
743.800895,1,7438,100,616160000,1
743.900997,1,7439,100,616160000,1
744.000744,1,7440,100,616160000,1
744.100673,1,7441,100,616160000,1
744.201430,1,7442,100,616160000,1
744.300905,1,7443,100,616160000,1
744.401218,1,7444,100,616160000,1
744.501001,1,7445,100,616160000,1
744.601081,1,7446,100,616160000,1
744.701783,1,7447,100,616160000,1
744.800871,1,7448,100,616160000,1
744.901103,1,7449,100,616160000,1
745.001130,1,7450,100,616160000,1
745.100864,1,7451,100,616160000,1
745.200784,1,7452,100,616160000,1
745.300781,1,7453,100,616160000,1
745.400751,1,7454,100,616160000,1
745.500907,1,7455,100,616160000,1
745.601179,1,7456,100,616160000,1
745.702260,1,7457,100,616160000,1
745.801024,1,7458,100,616160000,1
745.901302,1,7459,100,616160000,1
746.000790,1,7460,100,616160000,1
746.101178,1,7461,100,616160000,1
746.200807,1,7462,100,616160000,1
746.301008,1,7463,100,616160000,1
746.401371,1,7464,100,616160000,1
746.501287,1,7465,100,616160000,1
746.601103,1,7466,100,616160000,1
746.701046,1,7467,100,616160000,1
746.800864,1,7468,100,616160000,1
746.900841,1,7469,100,616160000,1
747.001432,1,7470,100,616160000,1
747.100925,1,7471,100,616160000,1
747.200807,1,7472,100,616160000,1
747.300870,1,7473,100,616160000,1
747.401090,1,7474,100,616160000,1
747.500978,1,7475,100,616160000,1
747.601241,1,7476,100,616160000,1
747.701221,1,7477,100,616160000,1
747.800837,1,7478,100,616160000,1
747.902559,1,7479,100,616160000,1
748.001616,1,7480,100,616160000,1
748.100980,1,7481,100,616160000,1
748.200742,1,7482,100,616160000,1
748.300898,1,7483,100,616160000,1
748.400966,1,7484,100,616160000,1
748.500719,1,7485,100,616160000,1
748.600769,1,7486,100,616160000,1
748.701669,1,7487,100,616160000,1
748.800725,1,7488,100,616160000,1
748.900851,1,7489,100,616160000,1
749.000787,1,7490,100,616160000,1
749.100783,1,7491,100,616160000,1
749.201002,1,7492,100,616160000,1
749.301434,1,7493,100,616160000,1
749.400855,1,7494,100,616160000,1
749.500902,1,7495,100,616160000,1
749.601346,1,7496,100,616160000,1
749.700573,1,7497,100,616160000,1
749.801296,1,7498,100,616160000,1
749.901164,1,7499,100,616160000,1
750.001127,1,7500,100,616160000,1
750.102225,1,7501,100,616160000,1
750.201271,1,7502,100,616160000,1
750.300938,1,7503,100,616160000,1
750.401188,1,7504,100,616160000,1
750.501205,1,7505,100,616160000,1
750.601385,1,7506,100,616160000,1
750.701440,1,7507,100,616160000,1
750.800690,1,7508,100,616160000,1
750.900964,1,7509,100,616160000,1
751.002207,1,7510,100,616160000,1
751.101617,1,7511,100,616160000,1
751.200874,1,7512,100,616160000,1
751.301240,1,7513,100,616160000,1
751.400738,1,7514,100,616160000,1
751.500887,1,7515,100,616160000,1
751.601653,1,7516,100,616160000,1
751.701000,1,7517,100,616160000,1
751.800876,1,7518,100,616160000,1
751.900865,1,7519,100,616160000,1
752.000813,1,7520,100,616160000,1
752.100938,1,7521,100,616160000,1
752.201498,1,7522,100,616205600,1
752.301241,1,7523,100,616241900,1
752.400994,1,7524,100,616241900,1
752.500669,1,7525,100,616241900,1
752.601097,1,7526,100,616241900,1
752.700830,1,7527,100,616241900,1
752.800922,1,7528,100,616241900,1
752.902715,1,7529,100,616241900,1
753.001008,1,7530,100,616241900,1
753.101187,1,7531,100,616241900,1
753.200822,1,7532,100,616221700,1
753.301203,1,7533,100,616160000,1
753.401325,1,7534,100,616160000,1
753.501147,1,7535,100,616160000,1
753.602312,1,7536,100,616160000,1
753.700962,1,7537,100,616160000,1
753.801261,1,7538,100,616160000,1
753.901020,1,7539,100,616160000,1
754.001222,1,7540,100,616160000,1
754.103227,1,7541,100,616160000,1
754.200961,1,7542,100,616160000,1
754.301093,1,7543,100,616160000,1
754.400858,1,7544,100,616160000,1
754.501269,1,7545,100,616160000,1
754.609715,1,7546,100,616212400,1
754.700852,1,7547,100,616256900,1
754.801091,1,7548,100,616256900,1
754.900816,1,7549,100,616256900,1
755.000674,1,7550,100,616256900,1
755.100816,1,7551,100,616256900,1
755.201566,1,7552,100,616256900,1
755.301297,1,7553,100,616255200,1
755.400977,1,7554,100,616255200,1
755.501139,1,7555,100,616255200,1
755.600811,1,7556,100,616255200,1
755.701149,1,7557,100,616226100,1
755.800917,1,7558,100,616226100,1
755.901241,1,7559,100,616226100,1
756.001383,1,7560,100,616226100,1
756.100935,1,7561,100,616226100,1
756.201120,1,7562,100,616226100,1
756.308135,1,7563,100,616226100,1
756.412538,1,7564,100,616226100,1
756.501276,1,7565,100,616226100,1
756.601223,1,7566,100,616195200,1
756.701210,1,7567,100,616168300,1
756.801307,1,7568,100,616168300,1
756.901362,1,7569,100,616168300,1
757.001350,1,7570,100,616168300,1
757.100701,1,7571,100,616168300,1
757.201385,1,7572,100,616168300,1
757.301219,1,7573,100,616168300,1
757.400912,1,7574,100,616168300,1
757.500818,1,7575,100,616168300,1
757.601526,1,7576,100,616160100,1
757.700584,1,7577,100,616160100,1
757.800776,1,7578,100,616160100,1
757.901016,1,7579,100,616160100,1
758.001006,1,7580,100,616160100,1
758.100891,1,7581,100,616160100,1
758.200886,1,7582,100,616160100,1
758.300967,1,7583,100,616160100,1
758.401392,1,7584,100,616160100,1
758.500807,1,7585,100,616133000,1
758.601009,1,7586,100,616115900,1
758.700932,1,7587,100,616115900,1
758.800951,1,7588,100,616115900,1
758.901109,1,7589,100,616115900,1
759.000982,1,7590,100,616091700,1
759.100944,1,7591,100,616091700,1
759.201054,1,7592,100,616091700,1
759.301075,1,7593,100,616091700,1
759.401118,1,7594,100,616091700,1
759.501138,1,7595,100,616091700,1
759.601375,1,7596,100,616091700,1
759.700836,1,7597,100,616091700,1
759.801053,1,7598,100,616091700,1
759.900984,1,7599,100,616091700,1
760.002018,1,7600,100,616104300,1
760.100914,1,7601,100,616104300,1
760.200888,1,7602,100,616116900,1
760.300929,1,7603,100,616116900,1
760.400817,1,7604,100,616116900,1
760.501132,1,7605,100,616116900,1
760.605700,1,7606,100,616129500,1
760.702235,1,7607,100,616129500,1
760.801001,1,7608,100,616129500,1
760.901125,1,7609,100,616175600,1
761.000896,1,7610,100,616175600,1
761.100777,1,7611,100,616175600,1
761.225614,1,7612,100,616212700,1
761.309267,1,7613,100,616252600,1
761.414526,1,7614,100,616252600,1
761.521741,1,7615,100,616252600,1
761.624447,1,7616,100,616252600,1
761.700797,1,7617,100,616252600,1
761.801482,1,7618,100,616252600,1
761.901214,1,7619,100,616252600,1
762.001181,1,7620,100,616252600,1
762.108492,1,7621,100,616252600,1
762.230536,1,7622,100,616252600,1
762.338566,1,7623,100,616212900,1
762.433753,1,7624,100,616151300,1
762.528294,1,7625,100,616116900,1
762.602085,1,7626,100,616080100,1
762.703267,1,7627,100,616005000,1
762.801135,1,7628,100,616004800,1
762.900937,1,7629,100,615947300,1
763.001056,1,7630,100,615947300,1
763.101206,1,7631,100,615947300,1
763.200950,1,7632,100,615947300,1
763.301099,1,7633,100,615947300,1
763.401003,1,7634,100,615947300,1
763.501086,1,7635,100,615947300,1
763.601210,1,7636,100,615947300,1
763.701070,1,7637,100,615947300,1
763.801235,1,7638,100,615947300,1
763.902234,1,7639,100,615947300,1
764.000831,1,7640,100,615947300,1
764.101130,1,7641,100,615947300,1
764.201066,1,7642,100,615947300,1
764.300913,1,7643,100,615947300,1
764.400882,1,7644,100,615947300,1
764.501133,1,7645,100,615947300,1
764.605048,1,7646,100,615901000,1
764.703221,1,7647,100,615885700,1
764.819030,1,7648,100,615885600,1
764.915846,1,7649,100,615870300,1
765.000911,1,7650,100,615870300,1
765.100935,1,7651,100,615870300,1
765.221959,1,7652,100,615820100,1
765.301227,1,7653,100,615820100,1
765.401406,1,7654,100,615820100,1
765.501642,1,7655,100,615820100,1
765.603281,1,7656,100,615800100,1
765.701186,1,7657,100,615780100,1
765.801382,1,7658,100,615700100,1
765.901025,1,7659,100,615641600,1
766.000846,1,7660,100,615641600,1
766.101092,1,7661,100,615641600,1
766.201014,1,7662,100,615641600,1
766.301139,1,7663,100,615640100,1
766.400964,1,7664,100,615640100,1
766.500906,1,7665,100,615640100,1
766.602612,1,7666,100,615640100,1
766.700957,1,7667,100,615640100,1
766.801514,1,7668,100,615640100,1
766.901153,1,7669,100,615654800,1
767.000909,1,7670,100,615654800,1
767.100824,1,7671,100,615654800,1
767.201005,1,7672,100,615654800,1
767.301939,1,7673,100,615654800,1
767.401291,1,7674,100,615654800,1
767.501353,1,7675,100,615654800,1
767.600928,1,7676,100,615654800,1
767.701588,1,7677,100,615620000,1
767.800956,1,7678,100,615562100,1
767.900995,1,7679,100,615520100,1
768.000989,1,7680,100,615520100,1
768.100996,1,7681,100,615520000,1
768.200855,1,7682,100,615520000,1
768.301259,1,7683,100,615520100,1
768.400741,1,7684,100,615520100,1
768.503376,1,7685,100,615560000,1
768.601378,1,7686,100,615560000,1
768.701191,1,7687,100,615560000,1
768.801100,1,7688,100,615560000,1
768.900935,1,7689,100,615534600,1
769.001016,1,7690,100,615500100,1
769.101254,1,7691,100,615476500,1
769.201188,1,7692,100,615460100,1
769.300766,1,7693,100,615442800,1
769.401212,1,7694,100,615442800,1
769.511721,1,7695,100,615442800,1
769.631176,1,7696,100,615442800,1
769.702274,1,7697,100,615442800,1
769.803203,1,7698,100,615442800,1
769.901425,1,7699,100,615398100,1
770.001383,1,7700,100,615398100,1
770.101182,1,7701,100,615398100,1
770.201329,1,7702,100,615398100,1
770.301093,1,7703,100,615398100,1
770.401165,1,7704,100,615398100,1
770.501159,1,7705,100,615398100,1
770.601187,1,7706,100,615398100,1
770.702613,1,7707,100,615398100,1
770.802281,1,7708,100,615398100,1
770.901233,1,7709,100,615398100,1
771.001081,1,7710,100,615398100,1
771.101043,1,7711,100,615398100,1
771.201072,1,7712,100,615443200,1
771.301061,1,7713,100,615443200,1
771.401203,1,7714,100,615534600,1
771.500916,1,7715,100,615534600,1
771.601274,1,7716,100,615600000,1
771.701670,1,7717,100,615600000,1
771.803400,1,7718,100,615600000,1
771.900898,1,7719,100,615600000,1
772.000900,1,7720,100,615600000,1
772.101211,1,7721,100,615600000,1
772.202906,1,7722,100,615600000,1
772.301136,1,7723,100,615600000,1
772.400823,1,7724,100,615600000,1
772.501086,1,7725,100,615600000,1
772.601637,1,7726,100,615600000,1
772.702248,1,7727,100,615557700,1
772.802289,1,7728,100,615491200,1
772.900771,1,7729,100,615491200,1
773.001113,1,7730,100,615491200,1
773.100984,1,7731,100,615492100,1
773.201218,1,7732,100,615492100,1
773.301129,1,7733,100,615492100,1
773.401279,1,7734,100,615492100,1
773.500940,1,7735,100,615492100,1
773.601274,1,7736,100,615492100,1
773.700818,1,7737,100,615492100,1
773.803229,1,7738,100,615584400,1
773.900930,1,7739,100,615584400,1
774.001030,1,7740,100,615584400,1
774.101001,1,7741,100,615584400,1
774.201259,1,7742,100,615584400,1
774.300998,1,7743,100,615584400,1
774.401323,1,7744,100,615592200,1
774.501388,1,7745,100,615676700,1
774.602548,1,7746,100,615715200,1
774.701311,1,7747,100,615762600,1
774.801201,1,7748,100,615762700,1
774.902356,1,7749,100,615783300,1
775.000909,1,7750,100,615783300,1
775.101795,1,7751,100,615815200,1
775.201270,1,7752,100,615911400,1
775.301095,1,7753,100,615911400,1
775.400926,1,7754,100,615911400,1
775.500993,1,7755,100,615911400,1
775.605750,1,7756,100,615947200,1
775.701023,1,7757,100,615979900,1
775.800999,1,7758,100,616034700,1
775.901278,1,7759,100,616120000,1
776.001881,1,7760,100,616124000,1
776.101143,1,7761,100,616124000,1
776.201496,1,7762,100,616124000,1
776.301272,1,7763,100,616100000,1
776.402032,1,7764,100,616034700,1
776.502301,1,7765,100,616034700,1
776.606094,1,7766,100,615982800,1
776.704019,1,7767,100,615940200,1
776.805851,1,7768,100,615923100,1
776.901156,1,7769,100,615923100,1
777.002383,1,7770,100,615923100,1
777.102254,1,7771,100,615897100,1
777.201869,1,7772,100,615892400,1
777.301111,1,7773,100,615800100,1
777.402240,1,7774,100,615792800,1
777.502225,1,7775,100,615696000,1
777.602998,1,7776,100,615720400,1
777.700780,1,7777,100,615757300,1
777.800979,1,7778,100,615757300,1
777.901142,1,7779,100,615817700,1
778.001256,1,7780,100,615817700,1
778.101106,1,7781,100,615817700,1
778.201051,1,7782,100,615817700,1
778.301038,1,7783,100,615817700,1
778.401226,1,7784,100,615817700,1
778.500863,1,7785,100,615817700,1
778.601156,1,7786,100,615817700,1
778.701177,1,7787,100,615817700,1
778.800838,1,7788,100,615817700,1
778.900764,1,7789,100,615817700,1
779.001176,1,7790,100,615817700,1
779.100950,1,7791,100,615817700,1
779.201196,1,7792,100,615817700,1
779.301223,1,7793,100,615817700,1
779.401171,1,7794,100,615817700,1
779.501070,1,7795,100,615817700,1
779.600799,1,7796,100,615817700,1
779.702343,1,7797,100,615817700,1
779.801298,1,7798,100,615817700,1
779.901310,1,7799,100,615817700,1
780.001334,1,7800,100,615817700,1
780.101173,1,7801,100,615817700,1
780.201471,1,7802,100,615863700,1
780.301321,1,7803,100,615887700,1
780.400923,1,7804,100,615887700,1
780.500830,1,7805,100,615887700,1
780.604827,1,7806,100,615887700,1
780.706081,1,7807,100,615846300,1
780.800845,1,7808,100,615846300,1
780.900836,1,7809,100,615846300,1
781.002252,1,7810,100,615888800,1
781.101503,1,7811,100,615888800,1
781.201423,1,7812,100,615940200,1
781.301027,1,7813,100,616061600,1
781.402096,1,7814,100,616061600,1
781.501018,1,7815,100,616140000,1
781.602376,1,7816,100,616140000,1
781.701936,1,7817,100,616140000,1
781.801078,1,7818,100,616140000,1
781.901194,1,7819,100,616140000,1
782.000815,1,7820,100,616140000,1
782.102235,1,7821,100,616140000,1
782.203541,1,7822,100,616098200,1
782.300997,1,7823,100,616123200,1
782.402126,1,7824,100,616140000,1
782.502132,1,7825,100,616140000,1
782.604988,1,7826,100,616154800,1
782.700987,1,7827,100,616201600,1
782.801315,1,7828,100,616201600,1
782.941606,1,7829,100,616220000,1
783.020089,1,7830,100,616220000,1
783.115827,1,7831,100,616220000,1
783.212434,1,7832,100,616220000,1
783.300954,1,7833,100,616220000,1
783.400947,1,7834,100,616220000,1
783.502227,1,7835,100,616220000,1
783.601534,1,7836,100,616220000,1
783.701146,1,7837,100,616220000,1
783.801473,1,7838,100,616220000,1
783.918459,1,7839,100,616360000,1
784.002249,1,7840,100,616369600,1
784.101398,1,7841,100,616369600,1
784.201212,1,7842,100,616369600,1
784.301229,1,7843,100,616369600,1
784.401435,1,7844,100,616369600,1
784.501135,1,7845,100,616369600,1
784.602816,1,7846,100,616369600,1
784.702382,1,7847,100,616369600,1
784.801088,1,7848,100,616369600,1
784.901019,1,7849,100,616369600,1
785.002283,1,7850,100,616369600,1
785.101455,1,7851,100,616369600,1
785.201477,1,7852,100,616369600,1
785.300981,1,7853,100,616369600,1
785.400837,1,7854,100,616369600,1
785.501546,1,7855,100,616369600,1
785.600917,1,7856,100,616369600,1
785.701797,1,7857,100,616369600,1
785.801311,1,7858,100,616307900,1
785.900851,1,7859,100,616307900,1
786.001199,1,7860,100,616307900,1
786.193504,1,7861,100,616512600,1
786.361393,1,7862,100,616667000,1
786.463454,1,7863,100,616700000,1
786.540289,1,7864,100,616738600,1
786.609152,1,7865,100,616754100,1
786.691873,1,7866,100,616779900,1
786.763798,1,7867,100,616800000,1
786.827957,1,7868,100,616800000,1
786.914854,1,7869,100,616800000,1
787.004773,1,7870,100,616800000,1
787.111770,1,7871,100,616800000,1
787.245429,1,7872,100,616800000,1
787.305349,1,7873,100,616760100,1
787.401642,1,7874,100,616702300,1
787.507359,1,7875,100,616702300,1
787.611094,1,7876,100,616679100,1
787.701261,1,7877,100,616679100,1
787.801248,1,7878,100,616679000,1
787.901238,1,7879,100,616597400,1
788.000894,1,7880,100,616597400,1
788.100812,1,7881,100,616597400,1
788.201301,1,7882,100,616597400,1
788.301048,1,7883,100,616597400,1
788.401141,1,7884,100,616597400,1
788.501190,1,7885,100,616597400,1
788.607597,1,7886,100,616558400,1
788.709490,1,7887,100,616515000,1
788.801204,1,7888,100,616515000,1
788.901043,1,7889,100,616515000,1
789.001082,1,7890,100,616515000,1
789.100934,1,7891,100,616515000,1
789.201143,1,7892,100,616515000,1
789.300990,1,7893,100,616515000,1
789.401254,1,7894,100,616515000,1
789.501631,1,7895,100,616515000,1
789.602933,1,7896,100,616515000,1
789.700828,1,7897,100,616515000,1
789.801050,1,7898,100,616515000,1
789.901138,1,7899,100,616515000,1
790.001154,1,7900,100,616515000,1
790.101244,1,7901,100,616510700,1
790.201087,1,7902,100,616510700,1
790.301247,1,7903,100,616510700,1
790.401129,1,7904,100,616510700,1
790.500863,1,7905,100,616510700,1
790.601842,1,7906,100,616510700,1
790.700909,1,7907,100,616510700,1
790.801018,1,7908,100,616510700,1
790.902350,1,7909,100,616510700,1
791.002372,1,7910,100,616510700,1
791.101649,1,7911,100,616478100,1
791.201415,1,7912,100,616478100,1
791.302369,1,7913,100,616478000,1
791.407162,1,7914,100,616382800,1
791.505655,1,7915,100,616382700,1
791.606670,1,7916,100,616369100,1
791.709899,1,7917,100,616338900,1
791.801001,1,7918,100,616320100,1
791.901103,1,7919,100,616320000,1
792.001335,1,7920,100,616320000,1
792.101255,1,7921,100,616300100,1
792.201292,1,7922,100,616294700,1
792.301203,1,7923,100,616260100,1
792.401034,1,7924,100,616260100,1
792.501226,1,7925,100,616260100,1
792.602458,1,7926,100,616260100,1
792.702292,1,7927,100,616260100,1
792.801223,1,7928,100,616260100,1
792.901243,1,7929,100,616260100,1
793.002277,1,7930,100,616260100,1
793.101178,1,7931,100,616260100,1
793.201256,1,7932,100,616260100,1
793.301265,1,7933,100,616260100,1
793.401237,1,7934,100,616260100,1
793.501237,1,7935,100,616260100,1
793.601049,1,7936,100,616260100,1
793.701137,1,7937,100,616260100,1
793.801502,1,7938,100,616236100,1
793.900935,1,7939,100,616236100,1
794.003282,1,7940,100,616236100,1
794.101005,1,7941,100,616236100,1
794.202248,1,7942,100,616236100,1
794.301015,1,7943,100,616236100,1
794.401052,1,7944,100,616236100,1
794.501455,1,7945,100,616200100,1
794.605291,1,7946,100,616200000,1
794.703231,1,7947,100,616180100,1
794.800977,1,7948,100,616174400,1
794.900800,1,7949,100,616174400,1
795.001058,1,7950,100,616174400,1
795.101129,1,7951,100,616174400,1
795.201051,1,7952,100,616174400,1
795.301194,1,7953,100,616174400,1
795.401004,1,7954,100,616174400,1
795.501248,1,7955,100,616174400,1
795.601073,1,7956,100,616174400,1
795.701296,1,7957,100,616174400,1
795.801227,1,7958,100,616174400,1
795.900934,1,7959,100,616174400,1
796.000763,1,7960,100,616174400,1
796.101359,1,7961,100,616174400,1
796.201007,1,7962,100,616174400,1
796.301054,1,7963,100,616174400,1
796.401108,1,7964,100,616174300,1
796.501256,1,7965,100,616160100,1
796.601233,1,7966,100,616160100,1
796.701226,1,7967,100,616160100,1
796.801449,1,7968,100,616160100,1
796.901066,1,7969,100,616160100,1
797.001333,1,7970,100,616133200,1
797.100863,1,7971,100,616133200,1
797.201186,1,7972,100,616100100,1
797.301238,1,7973,100,616100100,1
797.401031,1,7974,100,616100100,1
797.503985,1,7975,100,616100100,1
797.603255,1,7976,100,616100100,1
797.710437,1,7977,100,616080100,1
797.802282,1,7978,100,616080100,1
797.901193,1,7979,100,616080000,1
798.001330,1,7980,100,616060100,1
798.109782,1,7981,100,616020100,1
798.201465,1,7982,100,616020100,1
798.301431,1,7983,100,616000100,1
798.400977,1,7984,100,616000100,1
798.501060,1,7985,100,616000100,1
798.606323,1,7986,100,616000100,1
798.701210,1,7987,100,616000100,1
798.801175,1,7988,100,616000100,1
798.902214,1,7989,100,616000100,1
799.001163,1,7990,100,616000100,1
799.100737,1,7991,100,616000100,1
799.201074,1,7992,100,616000100,1
799.301088,1,7993,100,616000100,1
799.401162,1,7994,100,616000100,1
799.502279,1,7995,100,616000100,1
799.601424,1,7996,100,616000100,1
799.701726,1,7997,100,616000100,1
799.805230,1,7998,100,616000100,1
799.901061,1,7999,100,616000100,1
800.000812,1,8000,100,616000100,1
800.101229,1,8001,100,616000100,1
800.201581,1,8002,100,615960100,1
800.303076,1,8003,100,615833400,1
800.401477,1,8004,100,615817700,1
800.501294,1,8005,100,615817700,1
800.604233,1,8006,100,615817700,1
800.701451,1,8007,100,615740100,1
800.801120,1,8008,100,615730100,1
800.901195,1,8009,100,615730100,1
801.000932,1,8010,100,615711800,1
801.104271,1,8011,100,615711700,1
801.201085,1,8012,100,615711700,1
801.301224,1,8013,100,615601500,1
801.401581,1,8014,100,615601500,1
801.503693,1,8015,100,615601500,1
801.608794,1,8016,100,615700100,1
801.703278,1,8017,100,615700100,1
801.801205,1,8018,100,615700100,1
801.901393,1,8019,100,615700100,1
802.001617,1,8020,100,615700100,1
802.101892,1,8021,100,615700100,1
802.201223,1,8022,100,615700100,1
802.301230,1,8023,100,615700100,1
802.401191,1,8024,100,615700100,1
802.502079,1,8025,100,615700100,1
802.601373,1,8026,100,615700100,1
802.700938,1,8027,100,615700100,1
802.800874,1,8028,100,615700100,1
802.900905,1,8029,100,615700100,1
803.002283,1,8030,100,615700100,1
803.101339,1,8031,100,615700100,1
803.201433,1,8032,100,615663100,1
803.300893,1,8033,100,615663100,1
803.401234,1,8034,100,615663100,1
803.501230,1,8035,100,615663100,1
803.601734,1,8036,100,615700000,1
803.701053,1,8037,100,615700000,1
803.801021,1,8038,100,615700000,1
803.902170,1,8039,100,615711600,1
804.002228,1,8040,100,615740000,1
804.101678,1,8041,100,615740000,1
804.201272,1,8042,100,615740000,1
804.301133,1,8043,100,615740000,1
804.401414,1,8044,100,615740000,1
804.501797,1,8045,100,615740000,1
804.602781,1,8046,100,615663100,1
804.701110,1,8047,100,615663100,1
804.801732,1,8048,100,615663100,1
804.901004,1,8049,100,615663100,1
805.001209,1,8050,100,615663100,1
805.103238,1,8051,100,615663100,1
805.201146,1,8052,100,615663100,1
805.301375,1,8053,100,615663100,1
805.401054,1,8054,100,615633400,1
805.501239,1,8055,100,615633400,1
805.601335,1,8056,100,615633400,1
805.701261,1,8057,100,615633400,1
805.800889,1,8058,100,615633400,1
805.901231,1,8059,100,615633400,1
806.001687,1,8060,100,615612500,1
806.106426,1,8061,100,615520100,1
806.201084,1,8062,100,615500100,1
806.301241,1,8063,100,615500100,1
806.401061,1,8064,100,615480100,1
806.502219,1,8065,100,615433600,1
806.601323,1,8066,100,615433600,1
806.701296,1,8067,100,615433600,1
806.800926,1,8068,100,615433600,1
806.900985,1,8069,100,615433600,1
807.001049,1,8070,100,615433600,1
807.101229,1,8071,100,615433600,1
807.200922,1,8072,100,615433600,1
807.301195,1,8073,100,615433600,1
807.401011,1,8074,100,615433600,1
807.501068,1,8075,100,615433600,1
807.602453,1,8076,100,615433600,1
807.701270,1,8077,100,615433600,1
807.801060,1,8078,100,615433600,1
807.901024,1,8079,100,615433600,1
808.001094,1,8080,100,615433600,1
808.101162,1,8081,100,615433600,1
808.201003,1,8082,100,615433600,1
808.301059,1,8083,100,615433600,1
808.400840,1,8084,100,615433600,1
808.500941,1,8085,100,615433600,1
808.601609,1,8086,100,615400100,1
808.701108,1,8087,100,615366800,1
808.802367,1,8088,100,615360100,1
808.902159,1,8089,100,615360000,1
809.001066,1,8090,100,615360000,1
809.102199,1,8091,100,615360000,1
809.206522,1,8092,100,615360000,1
809.307070,1,8093,100,615280100,1
809.401436,1,8094,100,615280100,1
809.501444,1,8095,100,615280100,1
809.603953,1,8096,100,615280100,1
809.703657,1,8097,100,615280100,1
809.801301,1,8098,100,615280100,1
809.901202,1,8099,100,615280000,1
810.001110,1,8100,100,615280000,1
810.101381,1,8101,100,615280000,1
810.201108,1,8102,100,615280000,1
810.301707,1,8103,100,615280000,1
810.402251,1,8104,100,615280000,1
810.501339,1,8105,100,615280000,1
810.603132,1,8106,100,615280000,1
810.701321,1,8107,100,615280000,1
810.801495,1,8108,100,615280000,1
810.900963,1,8109,100,615280000,1
811.001776,1,8110,100,615280000,1
811.101482,1,8111,100,615200100,1
811.201521,1,8112,100,615200100,1
811.301304,1,8113,100,615200100,1
811.401161,1,8114,100,615160100,1
811.501195,1,8115,100,615160100,1
811.603923,1,8116,100,615160100,1
811.700984,1,8117,100,615160100,1
811.801007,1,8118,100,615160100,1
811.900949,1,8119,100,615160100,1
812.001044,1,8120,100,615160100,1
812.100867,1,8121,100,615160100,1
812.201084,1,8122,100,615160100,1
812.301220,1,8123,100,615160100,1
812.400934,1,8124,100,615160100,1
812.500924,1,8125,100,615160100,1
812.601294,1,8126,100,615160100,1
812.701235,1,8127,100,615160100,1
812.800898,1,8128,100,615160100,1
812.902654,1,8129,100,615160100,1
813.001199,1,8130,100,615160100,1
813.101103,1,8131,100,615160100,1
813.201015,1,8132,100,615160100,1
813.300976,1,8133,100,615160100,1
813.401085,1,8134,100,615160100,1
813.500964,1,8135,100,615160100,1
813.601092,1,8136,100,615204600,1
813.701168,1,8137,100,615204600,1
813.801257,1,8138,100,615204600,1
813.901255,1,8139,100,615204600,1
814.001230,1,8140,100,615204600,1
814.101451,1,8141,100,615204600,1
814.201100,1,8142,100,615204600,1
814.301183,1,8143,100,615204600,1
814.401427,1,8144,100,615204600,1
814.501192,1,8145,100,615204600,1
814.601238,1,8146,100,615204600,1
814.701091,1,8147,100,615204600,1
814.801017,1,8148,100,615204600,1
814.900985,1,8149,100,615180100,1
815.001071,1,8150,100,615180100,1
815.101101,1,8151,100,615180100,1
815.202264,1,8152,100,615180100,1
815.301249,1,8153,100,615180100,1
815.401016,1,8154,100,615180100,1
815.501241,1,8155,100,615180100,1
815.601175,1,8156,100,615180100,1
815.703245,1,8157,100,615180100,1
815.801393,1,8158,100,615180100,1
815.901310,1,8159,100,615160100,1
816.002567,1,8160,100,615082800,1
816.101078,1,8161,100,615043500,1
816.200889,1,8162,100,615043500,1
816.300797,1,8163,100,615043500,1
816.401197,1,8164,100,615043500,1
816.501189,1,8165,100,615043500,1
816.603093,1,8166,100,615043500,1
816.701644,1,8167,100,615043500,1
816.801157,1,8168,100,615043500,1
816.901289,1,8169,100,615043500,1
817.001386,1,8170,100,615043500,1
817.101838,1,8171,100,615043500,1
817.201268,1,8172,100,615043500,1
817.301045,1,8173,100,615043500,1
817.401163,1,8174,100,615073900,1
817.501104,1,8175,100,615073900,1
817.601075,1,8176,100,615073900,1
817.701298,1,8177,100,615073900,1
817.800966,1,8178,100,615048100,1
817.901072,1,8179,100,615048100,1
818.001394,1,8180,100,615040100,1
818.101022,1,8181,100,615040100,1
818.201184,1,8182,100,615040100,1
818.301528,1,8183,100,615040100,1
818.401082,1,8184,100,615040100,1
818.501214,1,8185,100,615040100,1
818.602312,1,8186,100,615073800,1
818.701125,1,8187,100,615073800,1
818.801257,1,8188,100,615106800,1
818.902277,1,8189,100,615152500,1
819.010007,1,8190,100,615191000,1
819.101177,1,8191,100,615267000,1
819.200878,1,8192,100,615267000,1
819.301337,1,8193,100,615267000,1
819.404423,1,8194,100,615311100,1
819.501305,1,8195,100,615374400,1
819.606261,1,8196,100,615374400,1
819.701262,1,8197,100,615332500,1
819.801132,1,8198,100,615332500,1
819.905769,1,8199,100,615332500,1
820.001126,1,8200,100,615332500,1
820.100994,1,8201,100,615287600,1
820.201241,1,8202,100,615213300,1
820.301553,1,8203,100,615199300,1
820.401260,1,8204,100,615199300,1
820.501240,1,8205,100,615199300,1
820.601947,1,8206,100,615199300,1
820.701242,1,8207,100,615199200,1
820.801056,1,8208,100,615199200,1
820.901023,1,8209,100,615199200,1
821.001153,1,8210,100,615199200,1
821.101253,1,8211,100,615157400,1
821.201056,1,8212,100,615157300,1
821.301298,1,8213,100,615157300,1
821.401618,1,8214,100,615105100,1
821.500950,1,8215,100,615105100,1
821.602294,1,8216,100,615088600,1
821.701150,1,8217,100,615130500,1
821.801322,1,8218,100,615130500,1
821.901136,1,8219,100,615157300,1
822.001073,1,8220,100,615157300,1
822.101212,1,8221,100,615157300,1
822.201048,1,8222,100,615099000,1
822.301049,1,8223,100,615099000,1
822.401266,1,8224,100,615099000,1
822.501169,1,8225,100,615099000,1
822.609647,1,8226,100,615098900,1
822.702646,1,8227,100,615039000,1
822.801106,1,8228,100,615038900,1
822.902915,1,8229,100,615038900,1
823.001013,1,8230,100,615038900,1
823.101275,1,8231,100,615038900,1
823.200994,1,8232,100,615038900,1
823.301164,1,8233,100,615038900,1
823.401196,1,8234,100,615038900,1
823.501258,1,8235,100,615038900,1
823.601269,1,8236,100,615038900,1
823.700941,1,8237,100,615039000,1
823.801007,1,8238,100,615039000,1
823.901489,1,8239,100,615039000,1
824.000982,1,8240,100,615039000,1
824.101355,1,8241,100,615039000,1
824.201210,1,8242,100,615039000,1
824.302414,1,8243,100,615000100,1
824.411723,1,8244,100,614900100,1
824.501571,1,8245,100,614900100,1
824.605294,1,8246,100,614900100,1
824.701215,1,8247,100,614900100,1
824.801355,1,8248,100,614900100,1
824.905070,1,8249,100,614784300,1
825.001416,1,8250,100,614760100,1
825.101063,1,8251,100,614740100,1
825.201227,1,8252,100,614740000,1
825.303234,1,8253,100,614740100,1
825.401122,1,8254,100,614740100,1
825.500896,1,8255,100,614740100,1
825.609344,1,8256,100,614760000,1
825.701303,1,8257,100,614784200,1
825.801117,1,8258,100,614784200,1
825.901422,1,8259,100,614792600,1
826.001121,1,8260,100,614792600,1
826.101091,1,8261,100,614857600,1
826.202225,1,8262,100,614857600,1
826.301128,1,8263,100,614857600,1
826.401806,1,8264,100,614857600,1
826.501239,1,8265,100,614810500,1
826.603176,1,8266,100,614810500,1
826.701838,1,8267,100,614832700,1
826.801229,1,8268,100,614857600,1
826.902222,1,8269,100,614857600,1
827.002236,1,8270,100,614900100,1
827.101167,1,8271,100,614900100,1
827.213241,1,8272,100,614933400,1
827.301427,1,8273,100,615029300,1
827.401313,1,8274,100,615029300,1
827.501259,1,8275,100,615029300,1
827.605117,1,8276,100,614992100,1
827.704282,1,8277,100,614973100,1
827.801478,1,8278,100,614973100,1
827.901364,1,8279,100,614973100,1
828.001110,1,8280,100,614973100,1
828.101347,1,8281,100,614973100,1
828.201884,1,8282,100,614973100,1
828.301150,1,8283,100,614973100,1
828.401248,1,8284,100,614973100,1
828.501180,1,8285,100,614909600,1
828.602706,1,8286,100,614909600,1
828.703145,1,8287,100,614909600,1
828.801493,1,8288,100,614992100,1
828.901405,1,8289,100,614992100,1
829.001608,1,8290,100,614992100,1
829.102280,1,8291,100,615024000,1
829.202096,1,8292,100,615053400,1
829.301150,1,8293,100,615053400,1
829.401103,1,8294,100,615053400,1
829.501123,1,8295,100,615053400,1
829.604250,1,8296,100,615053400,1
829.701244,1,8297,100,615053400,1
829.801247,1,8298,100,615053400,1
829.902091,1,8299,100,615053400,1
830.002034,1,8300,100,615053400,1
830.101229,1,8301,100,615053400,1
830.201378,1,8302,100,615053400,1
830.300953,1,8303,100,615053400,1
830.402226,1,8304,100,615053400,1
830.501322,1,8305,100,615053400,1
830.601737,1,8306,100,615024700,1
830.701983,1,8307,100,614970000,1
830.801200,1,8308,100,614970000,1
830.901592,1,8309,100,614970000,1
831.001607,1,8310,100,615049800,1
831.101222,1,8311,100,615049800,1
831.202766,1,8312,100,615049800,1
831.301118,1,8313,100,615049800,1
831.401461,1,8314,100,615146400,1
831.501151,1,8315,100,615146400,1
831.603588,1,8316,100,615146400,1
831.701224,1,8317,100,615146400,1
831.801209,1,8318,100,615146400,1
831.903698,1,8319,100,615152500,1
832.001604,1,8320,100,615176500,1
832.101492,1,8321,100,615176500,1
832.206694,1,8322,100,615146400,1
832.301541,1,8323,100,615146400,1
832.401204,1,8324,100,615146400,1
832.501041,1,8325,100,615146400,1
832.602956,1,8326,100,615146400,1
832.701189,1,8327,100,615146400,1
832.801363,1,8328,100,615146400,1
832.900949,1,8329,100,615146400,1
833.003393,1,8330,100,615146400,1
833.102252,1,8331,100,615176500,1
833.204125,1,8332,100,615176500,1
833.301207,1,8333,100,615180000,1
833.401365,1,8334,100,615200000,1
833.501127,1,8335,100,615200000,1
833.605359,1,8336,100,615200000,1
833.701307,1,8337,100,615200000,1
833.805067,1,8338,100,615200000,1
833.901053,1,8339,100,615200000,1
834.002360,1,8340,100,615200000,1
834.101256,1,8341,100,615200000,1
834.201444,1,8342,100,615200000,1
834.304685,1,8343,100,615200000,1
834.401701,1,8344,100,615224500,1
834.502622,1,8345,100,615306700,1
834.603815,1,8346,100,615344100,1
834.703279,1,8347,100,615360000,1
834.802076,1,8348,100,615360000,1
834.901430,1,8349,100,615344100,1
835.002394,1,8350,100,615329100,1
835.101135,1,8351,100,615329100,1
835.203329,1,8352,100,615329100,1
835.301779,1,8353,100,615284800,1
835.401174,1,8354,100,615284800,1
835.501349,1,8355,100,615284800,1
835.606655,1,8356,100,615284800,1
835.702295,1,8357,100,615322400,1
835.803268,1,8358,100,615322400,1
835.901275,1,8359,100,615246000,1
836.002757,1,8360,100,615246000,1
836.102631,1,8361,100,615246000,1
836.204346,1,8362,100,615224600,1
836.303246,1,8363,100,615098700,1
836.402654,1,8364,100,615069700,1
836.507299,1,8365,100,615027300,1
836.606195,1,8366,100,615027300,1
836.701308,1,8367,100,615027300,1
836.803711,1,8368,100,615027300,1
836.901136,1,8369,100,615069700,1
837.001255,1,8370,100,615069700,1
837.101090,1,8371,100,615069700,1
837.201236,1,8372,100,615069700,1
837.301321,1,8373,100,615069700,1
837.401392,1,8374,100,614985000,1
837.501624,1,8375,100,614985000,1
837.604874,1,8376,100,614985000,1
837.701156,1,8377,100,614985000,1
837.802116,1,8378,100,614985000,1
837.901194,1,8379,100,614985000,1
838.001443,1,8380,100,614927100,1
838.101257,1,8381,100,614909800,1
838.200931,1,8382,100,614909800,1
838.301083,1,8383,100,614909800,1
838.401269,1,8384,100,614909800,1
838.501081,1,8385,100,614909800,1
838.606309,1,8386,100,614985000,1
838.701194,1,8387,100,614985000,1
838.801324,1,8388,100,615055200,1
838.901152,1,8389,100,615055200,1
839.002736,1,8390,100,615055200,1
839.101018,1,8391,100,615055200,1
839.209837,1,8392,100,615055200,1
839.301095,1,8393,100,615055200,1
839.401465,1,8394,100,615055200,1
839.501170,1,8395,100,615055200,1
839.603174,1,8396,100,615055200,1
839.701063,1,8397,100,615055200,1
839.802078,1,8398,100,615099400,1
839.901664,1,8399,100,615144100,1
840.006750,1,8400,100,615144100,1
840.102950,1,8401,100,615144100,1
840.209670,1,8402,100,615144100,1
840.301305,1,8403,100,615144100,1
840.401030,1,8404,100,615144100,1
840.501221,1,8405,100,615144100,1
840.601383,1,8406,100,615144100,1
840.701321,1,8407,100,615144100,1
840.801336,1,8408,100,615144100,1
840.901105,1,8409,100,615144100,1
841.000921,1,8410,100,615144100,1
841.102977,1,8411,100,615144100,1
841.201698,1,8412,100,615144100,1
841.301127,1,8413,100,615144100,1
841.402058,1,8414,100,615168400,1
841.502834,1,8415,100,615211400,1
841.601726,1,8416,100,615211400,1
841.701437,1,8417,100,615211400,1
841.800984,1,8418,100,615211400,1
841.901115,1,8419,100,615211400,1
842.001106,1,8420,100,615211400,1
842.102910,1,8421,100,615200300,1
842.201240,1,8422,100,615109600,1
842.301397,1,8423,100,615082500,1
842.401075,1,8424,100,615082500,1
842.501105,1,8425,100,615082500,1
842.601063,1,8426,100,615082500,1
842.703497,1,8427,100,615082500,1
842.801517,1,8428,100,615082500,1
842.901060,1,8429,100,615082500,1
843.001137,1,8430,100,615082500,1
843.101070,1,8431,100,615109600,1
843.201045,1,8432,100,615109600,1
843.304976,1,8433,100,615109600,1
843.401194,1,8434,100,615109600,1
843.501329,1,8435,100,615109600,1
843.601059,1,8436,100,615109600,1
843.701149,1,8437,100,615109600,1
843.801178,1,8438,100,615109600,1
843.901427,1,8439,100,615109600,1
844.001369,1,8440,100,615109600,1
844.101369,1,8441,100,615109600,1
844.204150,1,8442,100,615082500,1
844.301452,1,8443,100,615012300,1
844.401325,1,8444,100,615012300,1
844.500941,1,8445,100,615012300,1
844.602196,1,8446,100,615012300,1
844.701255,1,8447,100,615012300,1
844.801236,1,8448,100,615012300,1
844.901157,1,8449,100,615057200,1
845.001250,1,8450,100,615146300,1
845.101053,1,8451,100,615146300,1
845.201047,1,8452,100,615146300,1
845.301255,1,8453,100,615146300,1
845.401055,1,8454,100,615146300,1
845.502003,1,8455,100,615146300,1
845.601202,1,8456,100,615146300,1
845.701047,1,8457,100,615146300,1
845.801157,1,8458,100,615146300,1
845.901062,1,8459,100,615146300,1
846.001158,1,8460,100,615146300,1
846.100986,1,8461,100,615146300,1
846.201180,1,8462,100,615146300,1
846.301223,1,8463,100,615146300,1
846.401047,1,8464,100,615146300,1
846.501203,1,8465,100,615146300,1
846.603009,1,8466,100,615109100,1
846.705626,1,8467,100,615084700,1
846.803083,1,8468,100,615023100,1
846.901512,1,8469,100,614969700,1
847.001279,1,8470,100,614959600,1
847.101052,1,8471,100,614959600,1
847.201548,1,8472,100,614915600,1
847.301458,1,8473,100,614887200,1
847.401358,1,8474,100,614887200,1
847.501235,1,8475,100,614880100,1
847.602284,1,8476,100,614860100,1
847.701533,1,8477,100,614820900,1
847.801090,1,8478,100,614820900,1
847.900912,1,8479,100,614820900,1
848.001256,1,8480,100,614860100,1
848.101133,1,8481,100,614860100,1
848.201069,1,8482,100,614860100,1
848.300909,1,8483,100,614860100,1
848.401280,1,8484,100,614860100,1
848.501065,1,8485,100,614860100,1
848.603885,1,8486,100,614860100,1
848.701280,1,8487,100,614860100,1
848.801160,1,8488,100,614860100,1
848.900911,1,8489,100,614860100,1
849.001103,1,8490,100,614860100,1
849.101335,1,8491,100,614860100,1
849.201199,1,8492,100,614860100,1
849.301131,1,8493,100,614860100,1
849.401210,1,8494,100,614860100,1
849.501275,1,8495,100,614860100,1
849.601825,1,8496,100,614831400,1
849.701263,1,8497,100,614831400,1
849.801143,1,8498,100,614831400,1
849.903347,1,8499,100,614831400,1
850.001090,1,8500,100,614831400,1
850.101139,1,8501,100,614831400,1
850.201111,1,8502,100,614831400,1
850.301771,1,8503,100,614831400,1
850.401248,1,8504,100,614831400,1
850.501344,1,8505,100,614831400,1
850.601028,1,8506,100,614831400,1
850.701049,1,8507,100,614831400,1
850.801198,1,8508,100,614831400,1
850.900993,1,8509,100,614831400,1
851.002999,1,8510,100,614831400,1
851.101120,1,8511,100,614831400,1
851.201367,1,8512,100,614820900,1
851.301064,1,8513,100,614820900,1
851.401100,1,8514,100,614820900,1
851.507215,1,8515,100,614800100,1
851.602132,1,8516,100,614783600,1
851.701401,1,8517,100,614783600,1
851.801254,1,8518,100,614783600,1
851.901133,1,8519,100,614783600,1
852.001327,1,8520,100,614783600,1
852.101499,1,8521,100,614783600,1
852.201097,1,8522,100,614800100,1
852.301138,1,8523,100,614839300,1
852.401205,1,8524,100,614839300,1
852.501189,1,8525,100,614880600,1
852.603451,1,8526,100,614880600,1
852.701525,1,8527,100,614880600,1
852.802486,1,8528,100,614812900,1
852.901304,1,8529,100,614799700,1
853.001194,1,8530,100,614799700,1
853.101090,1,8531,100,614799700,1
853.201106,1,8532,100,614799700,1
853.301275,1,8533,100,614799700,1
853.402100,1,8534,100,614799700,1
853.501099,1,8535,100,614799700,1
853.601229,1,8536,100,614799700,1
853.701195,1,8537,100,614799700,1
853.801382,1,8538,100,614784700,1
853.901134,1,8539,100,614784700,1
854.001131,1,8540,100,614784700,1
854.101369,1,8541,100,614784700,1
854.203276,1,8542,100,614824300,1
854.301266,1,8543,100,614835900,1
854.401063,1,8544,100,614835900,1
854.501187,1,8545,100,614835900,1
854.603076,1,8546,100,614921500,1
854.703258,1,8547,100,614959600,1
854.801169,1,8548,100,614959600,1
854.901152,1,8549,100,614959600,1
855.001509,1,8550,100,614959600,1
855.101475,1,8551,100,614966000,1
855.201124,1,8552,100,615020000,1
855.301039,1,8553,100,615020000,1
855.400989,1,8554,100,615020000,1
855.501030,1,8555,100,615020000,1
855.618213,1,8556,100,615020000,1
855.701059,1,8557,100,615020000,1
855.800978,1,8558,100,615020000,1
855.905821,1,8559,100,615020000,1
856.001627,1,8560,100,615020000,1
856.121653,1,8561,100,615020000,1
856.214902,1,8562,100,615020000,1
856.301092,1,8563,100,615020000,1
856.401066,1,8564,100,615020000,1
856.501356,1,8565,100,615076700,1
856.601822,1,8566,100,615075400,1
856.701116,1,8567,100,615037100,1
856.801139,1,8568,100,615023000,1
856.901142,1,8569,100,614968500,1
857.001032,1,8570,100,614968500,1
857.101413,1,8571,100,614968500,1
857.201169,1,8572,100,614968500,1
857.301056,1,8573,100,614938300,1
857.401067,1,8574,100,614925800,1
857.501320,1,8575,100,614905400,1
857.603143,1,8576,100,614953400,1
857.703149,1,8577,100,615037100,1
857.801069,1,8578,100,615050000,1
857.901144,1,8579,100,615075400,1
858.001191,1,8580,100,615115200,1
858.101040,1,8581,100,615115200,1
858.201149,1,8582,100,615182500,1
858.301097,1,8583,100,615182500,1
858.401130,1,8584,100,615182500,1
858.501074,1,8585,100,615182500,1
858.605285,1,8586,100,615124500,1
858.701679,1,8587,100,615124500,1
858.803679,1,8588,100,615074200,1
858.901528,1,8589,100,615023800,1
859.001753,1,8590,100,615023800,1
859.104014,1,8591,100,615036800,1
859.201553,1,8592,100,615036800,1
859.301554,1,8593,100,615036800,1
859.401454,1,8594,100,615036800,1
859.501751,1,8595,100,615023800,1
859.601858,1,8596,100,614953400,1
859.701303,1,8597,100,614953100,1
859.801650,1,8598,100,614953100,1
859.901127,1,8599,100,614953100,1
860.005873,1,8600,100,614935200,1
860.101036,1,8601,100,614904600,1
860.201132,1,8602,100,614904600,1
860.301263,1,8603,100,614904600,1
860.401091,1,8604,100,614904600,1
860.501017,1,8605,100,614922100,1
860.601456,1,8606,100,614922100,1
860.701873,1,8607,100,614922100,1
860.801293,1,8608,100,614922100,1
860.901346,1,8609,100,614887500,1
861.001307,1,8610,100,614852900,1
861.101144,1,8611,100,614831400,1
861.201207,1,8612,100,614831400,1
861.301180,1,8613,100,614831400,1
861.401323,1,8614,100,614831400,1
861.501167,1,8615,100,614831400,1
861.601173,1,8616,100,614831400,1
861.701059,1,8617,100,614831400,1
861.801008,1,8618,100,614831400,1
861.901138,1,8619,100,614831400,1
862.003158,1,8620,100,614831400,1
862.101178,1,8621,100,614831400,1
862.201096,1,8622,100,614831400,1
862.301232,1,8623,100,614831400,1
862.401177,1,8624,100,614831400,1
862.501105,1,8625,100,614831400,1
862.601052,1,8626,100,614831400,1
862.701573,1,8627,100,614763500,1
862.801093,1,8628,100,614763500,1
862.901146,1,8629,100,614763500,1
863.001468,1,8630,100,614763500,1
863.101185,1,8631,100,614763500,1
863.201413,1,8632,100,614763500,1
863.301263,1,8633,100,614763500,1
863.414445,1,8634,100,614763400,1
863.501261,1,8635,100,614763400,1
863.603723,1,8636,100,614708400,1
863.704669,1,8637,100,614700100,1
863.801743,1,8638,100,614700100,1
863.901025,1,8639,100,614680100,1
864.001126,1,8640,100,614680100,1
864.101717,1,8641,100,614607900,1
864.201311,1,8642,100,614600100,1
864.301394,1,8643,100,614600100,1
864.401333,1,8644,100,614580100,1
864.501033,1,8645,100,614575000,1
864.605858,1,8646,100,614575000,1
864.701393,1,8647,100,614575000,1
864.801034,1,8648,100,614575000,1
864.901259,1,8649,100,614591900,1
865.001400,1,8650,100,614650800,1
865.101075,1,8651,100,614680100,1
865.201501,1,8652,100,614680100,1
865.301173,1,8653,100,614680100,1
865.406120,1,8654,100,614700100,1
865.508734,1,8655,100,614700100,1
865.603704,1,8656,100,614700100,1
865.701127,1,8657,100,614700100,1
865.801404,1,8658,100,614700100,1
865.901385,1,8659,100,614684900,1
866.001061,1,8660,100,614684900,1
866.101420,1,8661,100,614684900,1
866.201338,1,8662,100,614634100,1
866.301068,1,8663,100,614634100,1
866.401678,1,8664,100,614634100,1
866.501994,1,8665,100,614634100,1
866.601723,1,8666,100,614634100,1
866.704178,1,8667,100,614634100,1
866.802172,1,8668,100,614679900,1
866.901282,1,8669,100,614679900,1
867.001163,1,8670,100,614684900,1
867.101174,1,8671,100,614684900,1
867.201140,1,8672,100,614684900,1
867.301168,1,8673,100,614684900,1
867.401155,1,8674,100,614684900,1
867.508232,1,8675,100,614684900,1
867.601614,1,8676,100,614684900,1
867.703688,1,8677,100,614684900,1
867.801005,1,8678,100,614684900,1
867.901287,1,8679,100,614684900,1
868.001360,1,8680,100,614684900,1
868.101509,1,8681,100,614684900,1
868.200958,1,8682,100,614684900,1
868.301451,1,8683,100,614684900,1
868.401228,1,8684,100,614684900,1
868.500950,1,8685,100,614684900,1
868.601303,1,8686,100,614684900,1
868.701032,1,8687,100,614684900,1
868.801330,1,8688,100,614684900,1
868.901007,1,8689,100,614684900,1
869.001414,1,8690,100,614684900,1
869.103913,1,8691,100,614655400,1
869.201263,1,8692,100,614598300,1
869.301277,1,8693,100,614598300,1
869.400989,1,8694,100,614598300,1
869.500946,1,8695,100,614598300,1
869.601506,1,8696,100,614598300,1
869.701195,1,8697,100,614598300,1
869.801129,1,8698,100,614598300,1
869.901370,1,8699,100,614598300,1
870.001104,1,8700,100,614598300,1
870.101452,1,8701,100,614598300,1
870.201225,1,8702,100,614598300,1
870.300980,1,8703,100,614598300,1
870.401064,1,8704,100,614598300,1
870.501156,1,8705,100,614598300,1
870.601015,1,8706,100,614598300,1
870.701096,1,8707,100,614598300,1
870.801164,1,8708,100,614598300,1
870.901169,1,8709,100,614598300,1
871.001525,1,8710,100,614598300,1
871.101768,1,8711,100,614598300,1
871.201200,1,8712,100,614598300,1
871.301255,1,8713,100,614598300,1
871.402219,1,8714,100,614598300,1
871.501026,1,8715,100,614598300,1
871.601171,1,8716,100,614598300,1
871.704978,1,8717,100,614598300,1
871.805064,1,8718,100,614577600,1
871.901150,1,8719,100,614552500,1
872.001146,1,8720,100,614540100,1
872.101540,1,8721,100,614540100,1
872.201377,1,8722,100,614540100,1
872.301459,1,8723,100,614540100,1
872.401350,1,8724,100,614540100,1
872.501161,1,8725,100,614540100,1
872.602260,1,8726,100,614540100,1
872.701155,1,8727,100,614540100,1
872.801118,1,8728,100,614540100,1
872.901545,1,8729,100,614540100,1
873.001526,1,8730,100,614540100,1
873.101143,1,8731,100,614540100,1
873.201618,1,8732,100,614540100,1
873.301194,1,8733,100,614540100,1
873.400927,1,8734,100,614540100,1
873.501463,1,8735,100,614585900,1
873.601207,1,8736,100,614585900,1
873.701375,1,8737,100,614585900,1
873.801310,1,8738,100,614585900,1
873.900953,1,8739,100,614585900,1
874.001948,1,8740,100,614585900,1
874.101249,1,8741,100,614585900,1
874.203242,1,8742,100,614585900,1
874.301164,1,8743,100,614585900,1
874.401330,1,8744,100,614585900,1
874.501197,1,8745,100,614585900,1
874.603222,1,8746,100,614585900,1
874.701368,1,8747,100,614585900,1
874.804856,1,8748,100,614631600,1
874.901402,1,8749,100,614678400,1
875.001326,1,8750,100,614720800,1
875.101406,1,8751,100,614763400,1
875.201134,1,8752,100,614763400,1
875.301076,1,8753,100,614763400,1
875.401017,1,8754,100,614763400,1
875.501341,1,8755,100,614763400,1
875.601376,1,8756,100,614763400,1
875.704309,1,8757,100,614763400,1
875.801078,1,8758,100,614763400,1
875.901084,1,8759,100,614763400,1
876.002388,1,8760,100,614763400,1
876.101134,1,8761,100,614763400,1
876.201059,1,8762,100,614763400,1
876.301125,1,8763,100,614763400,1
876.401705,1,8764,100,614720900,1
876.501288,1,8765,100,614720900,1
876.601186,1,8766,100,614720900,1
876.701149,1,8767,100,614720900,1
876.801161,1,8768,100,614720900,1
876.901162,1,8769,100,614720900,1
877.001132,1,8770,100,614720900,1
877.101379,1,8771,100,614772000,1
877.201251,1,8772,100,614776000,1
877.301586,1,8773,100,614776000,1
877.401693,1,8774,100,614804000,1
877.501631,1,8775,100,614804000,1
877.601501,1,8776,100,614804000,1
877.701789,1,8777,100,614804000,1
877.801821,1,8778,100,614804000,1
877.901555,1,8779,100,614804000,1
878.001567,1,8780,100,614804000,1
878.101448,1,8781,100,614804000,1
878.201214,1,8782,100,614804000,1
878.301169,1,8783,100,614804000,1
878.401200,1,8784,100,614804000,1
878.501196,1,8785,100,614804000,1
878.601327,1,8786,100,614804000,1
878.701028,1,8787,100,614804000,1
878.802203,1,8788,100,614804000,1
878.901130,1,8789,100,614804000,1
879.003241,1,8790,100,614804000,1
879.101116,1,8791,100,614804000,1
879.203397,1,8792,100,614804000,1
879.301220,1,8793,100,614804000,1
879.401447,1,8794,100,614804000,1
879.501038,1,8795,100,614804000,1
879.601318,1,8796,100,614804000,1
879.701183,1,8797,100,614804000,1
879.801168,1,8798,100,614804000,1
879.901248,1,8799,100,614804000,1
880.001153,1,8800,100,614804000,1
880.101161,1,8801,100,614804000,1
880.201387,1,8802,100,614804000,1
880.301350,1,8803,100,614804000,1
880.401536,1,8804,100,614735700,1
880.503328,1,8805,100,614678400,1
880.604760,1,8806,100,614678400,1
880.701182,1,8807,100,614678400,1
880.801235,1,8808,100,614707100,1
880.901522,1,8809,100,614772000,1
881.001391,1,8810,100,614772000,1
881.101327,1,8811,100,614786500,1
881.201603,1,8812,100,614786500,1
881.301177,1,8813,100,614786500,1
881.401578,1,8814,100,614786500,1
881.516764,1,8815,100,614786500,1
881.601328,1,8816,100,614786500,1
881.701243,1,8817,100,614786500,1
881.803039,1,8818,100,614730800,1
881.901291,1,8819,100,614730800,1
882.001229,1,8820,100,614730800,1
882.101222,1,8821,100,614730800,1
882.201115,1,8822,100,614710700,1
882.301259,1,8823,100,614655400,1
882.401140,1,8824,100,614655400,1
882.501354,1,8825,100,614595100,1
882.602292,1,8826,100,614595100,1
882.701186,1,8827,100,614595100,1
882.801272,1,8828,100,614595100,1
882.901010,1,8829,100,614558000,1
883.001349,1,8830,100,614558000,1
883.101166,1,8831,100,614558000,1
883.201279,1,8832,100,614558000,1
883.301376,1,8833,100,614610000,1
883.401132,1,8834,100,614610000,1
883.501094,1,8835,100,614610000,1
883.601331,1,8836,100,614610000,1
883.701055,1,8837,100,614610000,1
883.801343,1,8838,100,614688500,1
883.901167,1,8839,100,614646800,1
884.001133,1,8840,100,614646800,1
884.101201,1,8841,100,614646800,1
884.201242,1,8842,100,614646800,1
884.301280,1,8843,100,614646800,1
884.401129,1,8844,100,614646800,1
884.501054,1,8845,100,614646800,1
884.624731,1,8846,100,614588600,1
884.719525,1,8847,100,614540100,1
884.802199,1,8848,100,614540100,1
884.901094,1,8849,100,614525100,1
885.003481,1,8850,100,614596800,1
885.101424,1,8851,100,614596800,1
885.201231,1,8852,100,614596800,1
885.301285,1,8853,100,614596800,1
885.401718,1,8854,100,614596800,1
885.501303,1,8855,100,614596800,1
885.606162,1,8856,100,614596800,1
885.703255,1,8857,100,614596800,1
885.801134,1,8858,100,614596800,1
885.900992,1,8859,100,614596800,1
886.001202,1,8860,100,614596800,1
886.101355,1,8861,100,614596800,1
886.201289,1,8862,100,614596800,1
886.301013,1,8863,100,614596800,1
886.401820,1,8864,100,614596800,1
886.501281,1,8865,100,614596800,1
886.601718,1,8866,100,614596800,1
886.723892,1,8867,100,614596800,1
886.801118,1,8868,100,614596800,1
886.901180,1,8869,100,614596800,1
887.001435,1,8870,100,614620000,1
887.101406,1,8871,100,614620000,1
887.201277,1,8872,100,614620000,1
887.301230,1,8873,100,614620000,1
887.401222,1,8874,100,614620000,1
887.501217,1,8875,100,614620000,1
887.601328,1,8876,100,614620000,1
887.701319,1,8877,100,614620000,1
887.801130,1,8878,100,614620000,1
887.901113,1,8879,100,614620000,1
888.001322,1,8880,100,614620000,1
888.101128,1,8881,100,614620000,1
888.201333,1,8882,100,614615300,1
888.302211,1,8883,100,614570100,1
888.401313,1,8884,100,614570100,1
888.501792,1,8885,100,614570100,1
888.601295,1,8886,100,614570100,1
888.701205,1,8887,100,614570100,1
888.801174,1,8888,100,614570100,1
888.901233,1,8889,100,614570100,1
889.001024,1,8890,100,614570100,1
889.101404,1,8891,100,614570100,1
889.201155,1,8892,100,614570100,1
889.301049,1,8893,100,614570100,1
889.401153,1,8894,100,614570100,1
889.501045,1,8895,100,614570100,1
889.601418,1,8896,100,614570100,1
889.701128,1,8897,100,614570100,1
889.801193,1,8898,100,614570100,1
889.900918,1,8899,100,614570100,1
890.001268,1,8900,100,614570100,1
890.101517,1,8901,100,614570100,1
890.201467,1,8902,100,614570100,1
890.301194,1,8903,100,614570100,1
890.403407,1,8904,100,614570100,1
890.501459,1,8905,100,614570100,1
890.601307,1,8906,100,614570100,1
890.703886,1,8907,100,614570100,1
890.801328,1,8908,100,614570100,1
890.903302,1,8909,100,614534500,1
891.004808,1,8910,100,614440100,1
891.107477,1,8911,100,614382300,1
891.271243,1,8912,100,614232500,1
891.401301,1,8913,100,614232500,1
891.469559,1,8914,100,614232500,1
891.525079,1,8915,100,614209900,1
891.610214,1,8916,100,614209900,1
891.701305,1,8917,100,614209900,1
891.805216,1,8918,100,614167300,1
891.901251,1,8919,100,614133000,1
892.001240,1,8920,100,614060100,1
892.101346,1,8921,100,614060100,1
892.201507,1,8922,100,614040100,1
892.301362,1,8923,100,614026000,1
892.401535,1,8924,100,613978800,1
892.501658,1,8925,100,613978800,1
892.606330,1,8926,100,613936100,1
892.702763,1,8927,100,613850000,1
892.801217,1,8928,100,613974400,1
892.901063,1,8929,100,613974400,1
893.004533,1,8930,100,613974400,1
893.101314,1,8931,100,614035800,1
893.201578,1,8932,100,614052100,1
893.301754,1,8933,100,614063800,1
893.401091,1,8934,100,614063800,1
893.501183,1,8935,100,614063800,1
893.603356,1,8936,100,614063800,1
893.702965,1,8937,100,614088500,1
893.801418,1,8938,100,614088500,1
893.901759,1,8939,100,614088500,1
894.001536,1,8940,100,614088500,1
894.101198,1,8941,100,614088500,1
894.201725,1,8942,100,614088500,1
894.301141,1,8943,100,614088500,1
894.401744,1,8944,100,614088500,1
894.501482,1,8945,100,614088500,1
894.602257,1,8946,100,614088500,1
894.701184,1,8947,100,614088500,1
894.801094,1,8948,100,614088500,1
894.901330,1,8949,100,614088500,1
895.001287,1,8950,100,614123400,1
895.101064,1,8951,100,614123400,1
895.200966,1,8952,100,614123400,1
895.301177,1,8953,100,614123400,1
895.401173,1,8954,100,614123400,1
895.501260,1,8955,100,614123400,1
895.602468,1,8956,100,614123400,1
895.704564,1,8957,100,614123400,1
895.801162,1,8958,100,614089000,1
895.901103,1,8959,100,614088500,1
896.001283,1,8960,100,614088500,1
896.101592,1,8961,100,614074300,1
896.201319,1,8962,100,613984400,1
896.301354,1,8963,100,613984400,1
896.401344,1,8964,100,613984400,1
896.502933,1,8965,100,613984400,1
896.602617,1,8966,100,613984400,1
896.701543,1,8967,100,613984400,1
896.801486,1,8968,100,613984400,1
896.901038,1,8969,100,613984400,1
897.001312,1,8970,100,613984400,1
897.101029,1,8971,100,613984400,1
897.201173,1,8972,100,613984400,1
897.301660,1,8973,100,614000700,1
897.401962,1,8974,100,614000700,1
897.501069,1,8975,100,614000700,1
897.603212,1,8976,100,614000700,1
897.701392,1,8977,100,614000700,1
897.801500,1,8978,100,614000700,1
897.901323,1,8979,100,614000700,1
898.001375,1,8980,100,613968900,1
898.101530,1,8981,100,613913200,1
898.201289,1,8982,100,613913200,1
898.301579,1,8983,100,613913200,1
898.401199,1,8984,100,613913200,1
898.501384,1,8985,100,613913200,1
898.601359,1,8986,100,613913200,1
898.701523,1,8987,100,613886500,1
898.801337,1,8988,100,613886400,1
898.902907,1,8989,100,613800100,1
899.001232,1,8990,100,613800100,1
899.101202,1,8991,100,613800100,1
899.202100,1,8992,100,613783900,1
899.304459,1,8993,100,613783900,1
899.401214,1,8994,100,613783900,1
899.501245,1,8995,100,613783900,1
899.604470,1,8996,100,613783900,1
899.701395,1,8997,100,613842300,1
899.806238,1,8998,100,613842300,1
899.901225,1,8999,100,613842300,1
900.002273,1,9000,100,613842300,1
